precision,recall,f1,fpr,tp,tn,fp,fn,seed,policy_relaxation_fraction,trace_dropout_fraction,n
0.9975,0.0399,0.07673076923076923,2e-05,399,49999,1,9601,2026081401,0.0,0.0,60000
0.9973333333333333,0.0374,0.07209638554216867,2e-05,374,49999,1,9626,2026081401,0.0,0.05,60000
0.9972222222222222,0.0359,0.06930501930501931,2e-05,359,49999,1,9641,2026081401,0.0,0.1,60000
0.9967637540453075,0.0308,0.05975361334756039,2e-05,308,49999,1,9692,2026081401,0.0,0.2,60000
0.9975,0.0399,0.07673076923076923,2e-05,399,49999,1,9601,2026081401,0.1,0.0,60000
0.9973262032085561,0.0373,0.07191054559475613,2e-05,373,49999,1,9627,2026081401,0.1,0.05,60000
0.9971751412429378,0.0353,0.06818620822870389,2e-05,353,49999,1,9647,2026081401,0.1,0.1,60000
1.0,0.0328,0.06351665375677769,0.0,328,50000,0,9672,2026081401,0.1,0.2,60000
1.0,0.0399,0.07673814789883643,0.0,399,50000,0,9601,2026081401,0.25,0.0,60000
1.0,0.0386,0.07433082996341228,0.0,386,50000,0,9614,2026081401,0.25,0.05,60000
1.0,0.0362,0.06987068133564948,0.0,362,50000,0,9638,2026081401,0.25,0.1,60000
1.0,0.0329,0.06370413399167393,0.0,329,50000,0,9671,2026081401,0.25,0.2,60000
1.0,0.0399,0.07673814789883643,0.0,399,50000,0,9601,2026081401,0.5,0.0,60000
1.0,0.0383,0.07377443898680536,0.0,383,50000,0,9617,2026081401,0.5,0.05,60000
1.0,0.0364,0.07024314936318024,0.0,364,50000,0,9636,2026081401,0.5,0.1,60000
1.0,0.0327,0.06332913721313063,0.0,327,50000,0,9673,2026081401,0.5,0.2,60000
0.9975,0.0399,0.07673076923076923,2e-05,399,49999,1,9601,2026081402,0.0,0.0,60000
0.9973684210526316,0.0379,0.07302504816955684,2e-05,379,49999,1,9621,2026081402,0.0,0.05,60000
0.9971910112359551,0.0355,0.06855928930088838,2e-05,355,49999,1,9645,2026081402,0.0,0.1,60000
0.9969418960244648,0.0326,0.06313547012685194,2e-05,326,49999,1,9674,2026081402,0.0,0.2,60000
0.9975,0.0399,0.07673076923076923,2e-05,399,49999,1,9601,2026081402,0.1,0.0,60000
0.9973958333333334,0.0383,0.0737673343605547,2e-05,383,49999,1,9617,2026081402,0.1,0.05,60000
0.9971751412429378,0.0353,0.06818620822870389,2e-05,353,49999,1,9647,2026081402,0.1,0.1,60000
0.9969325153374233,0.0325,0.06294789850861902,2e-05,325,49999,1,9675,2026081402,0.1,0.2,60000
1.0,0.0399,0.07673814789883643,0.0,399,50000,0,9601,2026081402,0.25,0.0,60000
1.0,0.0378,0.07284640585854693,0.0,378,50000,0,9622,2026081402,0.25,0.05,60000
1.0,0.0364,0.07024314936318024,0.0,364,50000,0,9636,2026081402,0.25,0.1,60000
1.0,0.0314,0.060888113244134186,0.0,314,50000,0,9686,2026081402,0.25,0.2,60000
1.0,0.0399,0.07673814789883643,0.0,399,50000,0,9601,2026081402,0.5,0.0,60000
1.0,0.0386,0.07433082996341228,0.0,386,50000,0,9614,2026081402,0.5,0.05,60000
1.0,0.0353,0.06819279435912295,0.0,353,50000,0,9647,2026081402,0.5,0.1,60000
1.0,0.0318,0.06163985268462881,0.0,318,50000,0,9682,2026081402,0.5,0.2,60000
0.9975,0.0399,0.07673076923076923,2e-05,399,49999,1,9601,2026081403,0.0,0.0,60000
0.9973684210526316,0.0379,0.07302504816955684,2e-05,379,49999,1,9621,2026081403,0.0,0.05,60000
0.9971590909090909,0.0351,0.06781298299845441,2e-05,351,49999,1,9649,2026081403,0.0,0.1,60000
0.996875,0.0319,0.06182170542635659,2e-05,319,49999,1,9681,2026081403,0.0,0.2,60000
0.9975,0.0399,0.07673076923076923,2e-05,399,49999,1,9601,2026081403,0.1,0.0,60000
0.9973474801061007,0.0376,0.07246795798400309,2e-05,376,49999,1,9624,2026081403,0.1,0.05,60000
0.9972677595628415,0.0365,0.07042253521126761,2e-05,365,49999,1,9635,2026081403,0.1,0.1,60000
0.9968354430379747,0.0315,0.06107018224117875,2e-05,315,49999,1,9685,2026081403,0.1,0.2,60000
0.9975,0.0399,0.07673076923076923,2e-05,399,49999,1,9601,2026081403,0.25,0.0,60000
0.9973821989528796,0.0381,0.07339626276247352,2e-05,381,49999,1,9619,2026081403,0.25,0.05,60000
0.9972451790633609,0.0362,0.06986393901379909,2e-05,362,49999,1,9638,2026081403,0.25,0.1,60000
0.9969135802469136,0.0323,0.06257264626113909,2e-05,323,49999,1,9677,2026081403,0.25,0.2,60000
0.9975,0.0399,0.07673076923076923,2e-05,399,49999,1,9601,2026081403,0.5,0.0,60000
0.9973045822102425,0.037,0.07135281072220616,2e-05,370,49999,1,9630,2026081403,0.5,0.05,60000
0.9973118279569892,0.0371,0.07153875819514076,2e-05,371,49999,1,9629,2026081403,0.5,0.1,60000
0.9968253968253968,0.0314,0.06088221037324285,2e-05,314,49999,1,9686,2026081403,0.5,0.2,60000
0.9975,0.0399,0.07673076923076923,2e-05,399,49999,1,9601,2026081404,0.0,0.0,60000
0.9973821989528796,0.0381,0.07339626276247352,2e-05,381,49999,1,9619,2026081404,0.0,0.05,60000
1.0,0.0351,0.06781953434450777,0.0,351,50000,0,9649,2026081404,0.0,0.1,60000
0.9969040247678018,0.0322,0.062384965610772065,2e-05,322,49999,1,9678,2026081404,0.0,0.2,60000
1.0,0.0399,0.07673814789883643,0.0,399,50000,0,9601,2026081404,0.1,0.0,60000
1.0,0.0374,0.07210333526123,0.0,374,50000,0,9626,2026081404,0.1,0.05,60000
1.0,0.0368,0.07098765432098765,0.0,368,50000,0,9632,2026081404,0.1,0.1,60000
1.0,0.0337,0.06520267002031538,0.0,337,50000,0,9663,2026081404,0.1,0.2,60000
1.0,0.0399,0.07673814789883643,0.0,399,50000,0,9601,2026081404,0.25,0.0,60000
1.0,0.0386,0.07433082996341228,0.0,386,50000,0,9614,2026081404,0.25,0.05,60000
1.0,0.0362,0.06987068133564948,0.0,362,50000,0,9638,2026081404,0.25,0.1,60000
1.0,0.0317,0.06145197247261801,0.0,317,50000,0,9683,2026081404,0.25,0.2,60000
1.0,0.0399,0.07673814789883643,0.0,399,50000,0,9601,2026081404,0.5,0.0,60000
1.0,0.0377,0.0726606919148116,0.0,377,50000,0,9623,2026081404,0.5,0.05,60000
1.0,0.0363,0.07005693332046704,0.0,363,50000,0,9637,2026081404,0.5,0.1,60000
1.0,0.0317,0.06145197247261801,0.0,317,50000,0,9683,2026081404,0.5,0.2,60000
0.9975,0.0399,0.07673076923076923,2e-05,399,49999,1,9601,2026081405,0.0,0.0,60000
0.9973614775725593,0.0378,0.07283938722420272,2e-05,378,49999,1,9622,2026081405,0.0,0.05,60000
0.9972527472527473,0.0363,0.07005017367811656,2e-05,363,49999,1,9637,2026081405,0.0,0.1,60000
0.9970149253731343,0.0334,0.06463473633284954,2e-05,334,49999,1,9666,2026081405,0.0,0.2,60000
0.9975,0.0399,0.07673076923076923,2e-05,399,49999,1,9601,2026081405,0.1,0.0,60000
1.0,0.0378,0.07284640585854693,0.0,378,50000,0,9622,2026081405,0.1,0.05,60000
1.0,0.0361,0.06968439339832062,0.0,361,50000,0,9639,2026081405,0.1,0.1,60000
1.0,0.0325,0.06295399515738499,0.0,325,50000,0,9675,2026081405,0.1,0.2,60000
1.0,0.0399,0.07673814789883643,0.0,399,50000,0,9601,2026081405,0.25,0.0,60000
1.0,0.0384,0.07395993836671803,0.0,384,50000,0,9616,2026081405,0.25,0.05,60000
1.0,0.0351,0.06781953434450777,0.0,351,50000,0,9649,2026081405,0.25,0.1,60000
1.0,0.0312,0.060512024825446084,0.0,312,50000,0,9688,2026081405,0.25,0.2,60000
1.0,0.0399,0.07673814789883643,0.0,399,50000,0,9601,2026081405,0.5,0.0,60000
1.0,0.038,0.07321772639691715,0.0,380,50000,0,9620,2026081405,0.5,0.05,60000
1.0,0.0356,0.06875241405948243,0.0,356,50000,0,9644,2026081405,0.5,0.1,60000
1.0,0.0319,0.06182769648221727,0.0,319,50000,0,9681,2026081405,0.5,0.2,60000
0.9975,0.0399,0.07673076923076923,2e-05,399,49999,1,9601,2026081406,0.0,0.0,60000
0.9974025974025974,0.0384,0.07395281656234955,2e-05,384,49999,1,9616,2026081406,0.0,0.05,60000
0.997134670487106,0.0348,0.06725287467388154,2e-05,348,49999,1,9652,2026081406,0.0,0.1,60000
1.0,0.0323,0.06257870773999806,0.0,323,50000,0,9677,2026081406,0.0,0.2,60000
0.9975,0.0399,0.07673076923076923,2e-05,399,49999,1,9601,2026081406,0.1,0.0,60000
0.9973890339425587,0.0382,0.07358181643070404,2e-05,382,49999,1,9618,2026081406,0.1,0.05,60000
0.9972375690607734,0.0361,0.06967766840378305,2e-05,361,49999,1,9639,2026081406,0.1,0.1,60000
1.0,0.0315,0.06107610276296655,0.0,315,50000,0,9685,2026081406,0.1,0.2,60000
0.9975,0.0399,0.07673076923076923,2e-05,399,49999,1,9601,2026081406,0.25,0.0,60000
0.9973958333333334,0.0383,0.0737673343605547,2e-05,383,49999,1,9617,2026081406,0.25,0.05,60000
0.9971671388101983,0.0352,0.06799961363855887,2e-05,352,49999,1,9648,2026081406,0.25,0.1,60000
0.9966887417218543,0.0301,0.058435255290234904,2e-05,301,49999,1,9699,2026081406,0.25,0.2,60000
1.0,0.0399,0.07673814789883643,0.0,399,50000,0,9601,2026081406,0.5,0.0,60000
1.0,0.0389,0.07488689960535182,0.0,389,50000,0,9611,2026081406,0.5,0.05,60000
1.0,0.0352,0.06800618238021638,0.0,352,50000,0,9648,2026081406,0.5,0.1,60000
1.0,0.033,0.06389157792836399,0.0,330,50000,0,9670,2026081406,0.5,0.2,60000
0.9975,0.0399,0.07673076923076923,2e-05,399,49999,1,9601,2026081407,0.0,0.0,60000
0.9973474801061007,0.0376,0.07246795798400309,2e-05,376,49999,1,9624,2026081407,0.0,0.05,60000
0.9972222222222222,0.0359,0.06930501930501931,2e-05,359,49999,1,9641,2026081407,0.0,0.1,60000
0.9968847352024922,0.032,0.0620094952039531,2e-05,320,49999,1,9680,2026081407,0.0,0.2,60000
0.9975,0.0399,0.07673076923076923,2e-05,399,49999,1,9601,2026081407,0.1,0.0,60000
0.9973821989528796,0.0381,0.07339626276247352,2e-05,381,49999,1,9619,2026081407,0.1,0.05,60000
0.9972826086956522,0.0367,0.07079475308641975,2e-05,367,49999,1,9633,2026081407,0.1,0.1,60000
0.9969040247678018,0.0322,0.062384965610772065,2e-05,322,49999,1,9678,2026081407,0.1,0.2,60000
1.0,0.0399,0.07673814789883643,0.0,399,50000,0,9601,2026081407,0.25,0.0,60000
1.0,0.0384,0.07395993836671803,0.0,384,50000,0,9616,2026081407,0.25,0.05,60000
1.0,0.0366,0.07061547366390121,0.0,366,50000,0,9634,2026081407,0.25,0.1,60000
1.0,0.033,0.06389157792836399,0.0,330,50000,0,9670,2026081407,0.25,0.2,60000
1.0,0.0399,0.07673814789883643,0.0,399,50000,0,9601,2026081407,0.5,0.0,60000
1.0,0.0372,0.0717315850366371,0.0,372,50000,0,9628,2026081407,0.5,0.05,60000
1.0,0.0362,0.06987068133564948,0.0,362,50000,0,9638,2026081407,0.5,0.1,60000
1.0,0.0307,0.05957116522751528,0.0,307,50000,0,9693,2026081407,0.5,0.2,60000
0.9975,0.0399,0.07673076923076923,2e-05,399,49999,1,9601,2026081408,0.0,0.0,60000
0.9973753280839895,0.038,0.07321067334553512,2e-05,380,49999,1,9620,2026081408,0.0,0.05,60000
0.9972451790633609,0.0362,0.06986393901379909,2e-05,362,49999,1,9638,2026081408,0.0,0.1,60000
0.9968454258675079,0.0316,0.06125811766986527,2e-05,316,49999,1,9684,2026081408,0.0,0.2,60000
0.9975,0.0399,0.07673076923076923,2e-05,399,49999,1,9601,2026081408,0.1,0.0,60000
0.9973614775725593,0.0378,0.07283938722420272,2e-05,378,49999,1,9622,2026081408,0.1,0.05,60000
0.9973045822102425,0.037,0.07135281072220616,2e-05,370,49999,1,9630,2026081408,0.1,0.1,60000
0.9967845659163987,0.031,0.06012995829696441,2e-05,310,49999,1,9690,2026081408,0.1,0.2,60000
0.9975,0.0399,0.07673076923076923,2e-05,399,49999,1,9601,2026081408,0.25,0.0,60000
0.9973544973544973,0.0377,0.07265369049913278,2e-05,377,49999,1,9623,2026081408,0.25,0.05,60000
1.0,0.0364,0.07024314936318024,0.0,364,50000,0,9636,2026081408,0.25,0.1,60000
1.0,0.0316,0.061264055835595195,0.0,316,50000,0,9684,2026081408,0.25,0.2,60000
1.0,0.0399,0.07673814789883643,0.0,399,50000,0,9601,2026081408,0.5,0.0,60000
1.0,0.0382,0.0735889038720863,0.0,382,50000,0,9618,2026081408,0.5,0.05,60000
1.0,0.0367,0.07080158194270281,0.0,367,50000,0,9633,2026081408,0.5,0.1,60000
1.0,0.0319,0.06182769648221727,0.0,319,50000,0,9681,2026081408,0.5,0.2,60000
0.9975,0.0399,0.07673076923076923,2e-05,399,49999,1,9601,2026081409,0.0,0.0,60000
0.9973821989528796,0.0381,0.07339626276247352,2e-05,381,49999,1,9619,2026081409,0.0,0.05,60000
0.9972972972972973,0.0369,0.07116682738669239,2e-05,369,49999,1,9631,2026081409,0.0,0.1,60000
0.996875,0.0319,0.06182170542635659,2e-05,319,49999,1,9681,2026081409,0.0,0.2,60000
0.9975,0.0399,0.07673076923076923,2e-05,399,49999,1,9601,2026081409,0.1,0.0,60000
0.9973958333333334,0.0383,0.0737673343605547,2e-05,383,49999,1,9617,2026081409,0.1,0.05,60000
1.0,0.0359,0.06931170962448113,0.0,359,50000,0,9641,2026081409,0.1,0.1,60000
0.9969135802469136,0.0323,0.06257264626113909,2e-05,323,49999,1,9677,2026081409,0.1,0.2,60000
0.9975,0.0399,0.07673076923076923,2e-05,399,49999,1,9601,2026081409,0.25,0.0,60000
0.9973404255319149,0.0375,0.0722821896684657,2e-05,375,49999,1,9625,2026081409,0.25,0.05,60000
0.9971671388101983,0.0352,0.06799961363855887,2e-05,352,49999,1,9648,2026081409,0.25,0.1,60000
0.9968553459119497,0.0317,0.06144601666989727,2e-05,317,49999,1,9683,2026081409,0.25,0.2,60000
1.0,0.0399,0.07673814789883643,0.0,399,50000,0,9601,2026081409,0.5,0.0,60000
1.0,0.0382,0.0735889038720863,0.0,382,50000,0,9618,2026081409,0.5,0.05,60000
1.0,0.0354,0.06837937029167472,0.0,354,50000,0,9646,2026081409,0.5,0.1,60000
1.0,0.032,0.06201550387596899,0.0,320,50000,0,9680,2026081409,0.5,0.2,60000
0.9975,0.0399,0.07673076923076923,2e-05,399,49999,1,9601,2026081410,0.0,0.0,60000
0.9974160206718347,0.0386,0.07432367382304804,2e-05,386,49999,1,9614,2026081410,0.0,0.05,60000
0.9971830985915493,0.0354,0.06837276677933365,2e-05,354,49999,1,9646,2026081410,0.0,0.1,60000
0.9968553459119497,0.0317,0.06144601666989727,2e-05,317,49999,1,9683,2026081410,0.0,0.2,60000
0.9975,0.0399,0.07673076923076923,2e-05,399,49999,1,9601,2026081410,0.1,0.0,60000
0.9973958333333334,0.0383,0.0737673343605547,2e-05,383,49999,1,9617,2026081410,0.1,0.05,60000
1.0,0.0358,0.06912531376713651,0.0,358,50000,0,9642,2026081410,0.1,0.1,60000
0.9967532467532467,0.0307,0.05956538610787738,2e-05,307,49999,1,9693,2026081410,0.1,0.2,60000
0.9975,0.0399,0.07673076923076923,2e-05,399,49999,1,9601,2026081410,0.25,0.0,60000
0.9973118279569892,0.0371,0.07153875819514076,2e-05,371,49999,1,9629,2026081410,0.25,0.05,60000
0.9972144846796658,0.0358,0.06911864079544358,2e-05,358,49999,1,9642,2026081410,0.25,0.1,60000
1.0,0.0312,0.060512024825446084,0.0,312,50000,0,9688,2026081410,0.25,0.2,60000
1.0,0.0399,0.07673814789883643,0.0,399,50000,0,9601,2026081410,0.5,0.0,60000
1.0,0.0389,0.07488689960535182,0.0,389,50000,0,9611,2026081410,0.5,0.05,60000
1.0,0.036,0.0694980694980695,0.0,360,50000,0,9640,2026081410,0.5,0.1,60000
1.0,0.0316,0.061264055835595195,0.0,316,50000,0,9684,2026081410,0.5,0.2,60000
0.9975,0.0399,0.07673076923076923,2e-05,399,49999,1,9601,2026081411,0.0,0.0,60000
0.9973958333333334,0.0383,0.0737673343605547,2e-05,383,49999,1,9617,2026081411,0.0,0.05,60000
0.9972222222222222,0.0359,0.06930501930501931,2e-05,359,49999,1,9641,2026081411,0.0,0.1,60000
0.9969040247678018,0.0322,0.062384965610772065,2e-05,322,49999,1,9678,2026081411,0.0,0.2,60000
0.9975,0.0399,0.07673076923076923,2e-05,399,49999,1,9601,2026081411,0.1,0.0,60000
0.9973684210526316,0.0379,0.07302504816955684,2e-05,379,49999,1,9621,2026081411,0.1,0.05,60000
0.9972067039106145,0.0357,0.06893222629851323,2e-05,357,49999,1,9643,2026081411,0.1,0.1,60000
0.9967320261437909,0.0305,0.05918882204541044,2e-05,305,49999,1,9695,2026081411,0.1,0.2,60000
1.0,0.0399,0.07673814789883643,0.0,399,50000,0,9601,2026081411,0.25,0.0,60000
1.0,0.0373,0.07191747806806131,0.0,373,50000,0,9627,2026081411,0.25,0.05,60000
1.0,0.0363,0.07005693332046704,0.0,363,50000,0,9637,2026081411,0.25,0.1,60000
1.0,0.0315,0.06107610276296655,0.0,315,50000,0,9685,2026081411,0.25,0.2,60000
1.0,0.0399,0.07673814789883643,0.0,399,50000,0,9601,2026081411,0.5,0.0,60000
1.0,0.0384,0.07395993836671803,0.0,384,50000,0,9616,2026081411,0.5,0.05,60000
1.0,0.0362,0.06987068133564948,0.0,362,50000,0,9638,2026081411,0.5,0.1,60000
1.0,0.0311,0.06032392590437397,0.0,311,50000,0,9689,2026081411,0.5,0.2,60000
0.9975,0.0399,0.07673076923076923,2e-05,399,49999,1,9601,2026081412,0.0,0.0,60000
0.9973544973544973,0.0377,0.07265369049913278,2e-05,377,49999,1,9623,2026081412,0.0,0.05,60000
0.9971910112359551,0.0355,0.06855928930088838,2e-05,355,49999,1,9645,2026081412,0.0,0.1,60000
0.9969135802469136,0.0323,0.06257264626113909,2e-05,323,49999,1,9677,2026081412,0.0,0.2,60000
0.9975,0.0399,0.07673076923076923,2e-05,399,49999,1,9601,2026081412,0.1,0.0,60000
0.9973890339425587,0.0382,0.07358181643070404,2e-05,382,49999,1,9618,2026081412,0.1,0.05,60000
0.9972144846796658,0.0358,0.06911864079544358,2e-05,358,49999,1,9642,2026081412,0.1,0.1,60000
0.9969512195121951,0.0327,0.06332300542215337,2e-05,327,49999,1,9673,2026081412,0.1,0.2,60000
1.0,0.0399,0.07673814789883643,0.0,399,50000,0,9601,2026081412,0.25,0.0,60000
1.0,0.0393,0.07562782642162995,0.0,393,50000,0,9607,2026081412,0.25,0.05,60000
1.0,0.0363,0.07005693332046704,0.0,363,50000,0,9637,2026081412,0.25,0.1,60000
1.0,0.0307,0.05957116522751528,0.0,307,50000,0,9693,2026081412,0.25,0.2,60000
1.0,0.0399,0.07673814789883643,0.0,399,50000,0,9601,2026081412,0.5,0.0,60000
1.0,0.0384,0.07395993836671803,0.0,384,50000,0,9616,2026081412,0.5,0.05,60000
1.0,0.0362,0.06987068133564948,0.0,362,50000,0,9638,2026081412,0.5,0.1,60000
1.0,0.0331,0.06407898557738845,0.0,331,50000,0,9669,2026081412,0.5,0.2,60000
0.9975,0.0399,0.07673076923076923,2e-05,399,49999,1,9601,2026081413,0.0,0.0,60000
0.9973404255319149,0.0375,0.0722821896684657,2e-05,375,49999,1,9625,2026081413,0.0,0.05,60000
0.9971590909090909,0.0351,0.06781298299845441,2e-05,351,49999,1,9649,2026081413,0.0,0.1,60000
0.996969696969697,0.0329,0.06369796708615683,2e-05,329,49999,1,9671,2026081413,0.0,0.2,60000
0.9975,0.0399,0.07673076923076923,2e-05,399,49999,1,9601,2026081413,0.1,0.0,60000
0.9973544973544973,0.0377,0.07265369049913278,2e-05,377,49999,1,9623,2026081413,0.1,0.05,60000
0.9972451790633609,0.0362,0.06986393901379909,2e-05,362,49999,1,9638,2026081413,0.1,0.1,60000
0.996875,0.0319,0.06182170542635659,2e-05,319,49999,1,9681,2026081413,0.1,0.2,60000
0.9975,0.0399,0.07673076923076923,2e-05,399,49999,1,9601,2026081413,0.25,0.0,60000
0.9973404255319149,0.0375,0.0722821896684657,2e-05,375,49999,1,9625,2026081413,0.25,0.05,60000
0.997229916897507,0.036,0.06949136183766046,2e-05,360,49999,1,9640,2026081413,0.25,0.1,60000
0.9969230769230769,0.0324,0.06276029055690073,2e-05,324,49999,1,9676,2026081413,0.25,0.2,60000
1.0,0.0399,0.07673814789883643,0.0,399,50000,0,9601,2026081413,0.5,0.0,60000
1.0,0.0377,0.0726606919148116,0.0,377,50000,0,9623,2026081413,0.5,0.05,60000
1.0,0.0354,0.06837937029167472,0.0,354,50000,0,9646,2026081413,0.5,0.1,60000
1.0,0.032,0.06201550387596899,0.0,320,50000,0,9680,2026081413,0.5,0.2,60000
0.9975,0.0399,0.07673076923076923,2e-05,399,49999,1,9601,2026081414,0.0,0.0,60000
0.9973958333333334,0.0383,0.0737673343605547,2e-05,383,49999,1,9617,2026081414,0.0,0.05,60000
0.9972602739726028,0.0364,0.07023637240713941,2e-05,364,49999,1,9636,2026081414,0.0,0.1,60000
1.0,0.0321,0.06220327487646546,0.0,321,50000,0,9679,2026081414,0.0,0.2,60000
0.9975,0.0399,0.07673076923076923,2e-05,399,49999,1,9601,2026081414,0.1,0.0,60000
0.9973958333333334,0.0383,0.0737673343605547,2e-05,383,49999,1,9617,2026081414,0.1,0.05,60000
0.9972067039106145,0.0357,0.06893222629851323,2e-05,357,49999,1,9643,2026081414,0.1,0.1,60000
0.9969788519637462,0.033,0.06388539347594618,2e-05,330,49999,1,9670,2026081414,0.1,0.2,60000
0.9975,0.0399,0.07673076923076923,2e-05,399,49999,1,9601,2026081414,0.25,0.0,60000
0.9973890339425587,0.0382,0.07358181643070404,2e-05,382,49999,1,9618,2026081414,0.25,0.05,60000
0.9972222222222222,0.0359,0.06930501930501931,2e-05,359,49999,1,9641,2026081414,0.25,0.1,60000
0.9968652037617555,0.0318,0.06163387925186549,2e-05,318,49999,1,9682,2026081414,0.25,0.2,60000
1.0,0.0399,0.07673814789883643,0.0,399,50000,0,9601,2026081414,0.5,0.0,60000
1.0,0.0379,0.07303208401580114,0.0,379,50000,0,9621,2026081414,0.5,0.05,60000
1.0,0.0356,0.06875241405948243,0.0,356,50000,0,9644,2026081414,0.5,0.1,60000
1.0,0.0319,0.06182769648221727,0.0,319,50000,0,9681,2026081414,0.5,0.2,60000
0.9975,0.0399,0.07673076923076923,2e-05,399,49999,1,9601,2026081415,0.0,0.0,60000
0.9973474801061007,0.0376,0.07246795798400309,2e-05,376,49999,1,9624,2026081415,0.0,0.05,60000
0.9972375690607734,0.0361,0.06967766840378305,2e-05,361,49999,1,9639,2026081415,0.0,0.1,60000
0.996742671009772,0.0306,0.05937712234403803,2e-05,306,49999,1,9694,2026081415,0.0,0.2,60000
0.9975,0.0399,0.07673076923076923,2e-05,399,49999,1,9601,2026081415,0.1,0.0,60000
0.9974093264248705,0.0385,0.07413826304640862,2e-05,385,49999,1,9615,2026081415,0.1,0.05,60000
0.9971671388101983,0.0352,0.06799961363855887,2e-05,352,49999,1,9648,2026081415,0.1,0.1,60000
0.996996996996997,0.0332,0.06426013742378786,2e-05,332,49999,1,9668,2026081415,0.1,0.2,60000
0.9975,0.0399,0.07673076923076923,2e-05,399,49999,1,9601,2026081415,0.25,0.0,60000
0.9973958333333334,0.0383,0.0737673343605547,2e-05,383,49999,1,9617,2026081415,0.25,0.05,60000
0.9972451790633609,0.0362,0.06986393901379909,2e-05,362,49999,1,9638,2026081415,0.25,0.1,60000
0.996742671009772,0.0306,0.05937712234403803,2e-05,306,49999,1,9694,2026081415,0.25,0.2,60000
1.0,0.0399,0.07673814789883643,0.0,399,50000,0,9601,2026081415,0.5,0.0,60000
1.0,0.0383,0.07377443898680536,0.0,383,50000,0,9617,2026081415,0.5,0.05,60000
1.0,0.0358,0.06912531376713651,0.0,358,50000,0,9642,2026081415,0.5,0.1,60000
1.0,0.0314,0.060888113244134186,0.0,314,50000,0,9686,2026081415,0.5,0.2,60000
0.9975,0.0399,0.07673076923076923,2e-05,399,49999,1,9601,2026081416,0.0,0.0,60000
0.9973262032085561,0.0373,0.07191054559475613,2e-05,373,49999,1,9627,2026081416,0.0,0.05,60000
0.997275204359673,0.0366,0.07060866210089707,2e-05,366,49999,1,9634,2026081416,0.0,0.1,60000
0.9968253968253968,0.0314,0.06088221037324285,2e-05,314,49999,1,9686,2026081416,0.0,0.2,60000
0.9975,0.0399,0.07673076923076923,2e-05,399,49999,1,9601,2026081416,0.1,0.0,60000
0.997289972899729,0.0368,0.07098080817822355,2e-05,368,49999,1,9632,2026081416,0.1,0.05,60000
0.9972067039106145,0.0357,0.06893222629851323,2e-05,357,49999,1,9643,2026081416,0.1,0.1,60000
0.9967741935483871,0.0309,0.05994180407371484,2e-05,309,49999,1,9691,2026081416,0.1,0.2,60000
1.0,0.0399,0.07673814789883643,0.0,399,50000,0,9601,2026081416,0.25,0.0,60000
1.0,0.0371,0.07154565615659049,0.0,371,50000,0,9629,2026081416,0.25,0.05,60000
1.0,0.0361,0.06968439339832062,0.0,361,50000,0,9639,2026081416,0.25,0.1,60000
1.0,0.0323,0.06257870773999806,0.0,323,50000,0,9677,2026081416,0.25,0.2,60000
1.0,0.0399,0.07673814789883643,0.0,399,50000,0,9601,2026081416,0.5,0.0,60000
1.0,0.0388,0.07470157874470543,0.0,388,50000,0,9612,2026081416,0.5,0.05,60000
1.0,0.036,0.0694980694980695,0.0,360,50000,0,9640,2026081416,0.5,0.1,60000
1.0,0.0318,0.06163985268462881,0.0,318,50000,0,9682,2026081416,0.5,0.2,60000
0.9975,0.0399,0.07673076923076923,2e-05,399,49999,1,9601,2026081417,0.0,0.0,60000
0.9973404255319149,0.0375,0.0722821896684657,2e-05,375,49999,1,9625,2026081417,0.0,0.05,60000
0.9972222222222222,0.0359,0.06930501930501931,2e-05,359,49999,1,9641,2026081417,0.0,0.1,60000
0.9969230769230769,0.0324,0.06276029055690073,2e-05,324,49999,1,9676,2026081417,0.0,0.2,60000
0.9975,0.0399,0.07673076923076923,2e-05,399,49999,1,9601,2026081417,0.1,0.0,60000
0.9974226804123711,0.0387,0.0745090489025799,2e-05,387,49999,1,9613,2026081417,0.1,0.05,60000
0.9971751412429378,0.0353,0.06818620822870389,2e-05,353,49999,1,9647,2026081417,0.1,0.1,60000
0.996875,0.0319,0.06182170542635659,2e-05,319,49999,1,9681,2026081417,0.1,0.2,60000
0.9975,0.0399,0.07673076923076923,2e-05,399,49999,1,9601,2026081417,0.25,0.0,60000
0.9974093264248705,0.0385,0.07413826304640862,2e-05,385,49999,1,9615,2026081417,0.25,0.05,60000
0.9972602739726028,0.0364,0.07023637240713941,2e-05,364,49999,1,9636,2026081417,0.25,0.1,60000
1.0,0.0319,0.06182769648221727,0.0,319,50000,0,9681,2026081417,0.25,0.2,60000
1.0,0.0399,0.07673814789883643,0.0,399,50000,0,9601,2026081417,0.5,0.0,60000
1.0,0.038,0.07321772639691715,0.0,380,50000,0,9620,2026081417,0.5,0.05,60000
1.0,0.0364,0.07024314936318024,0.0,364,50000,0,9636,2026081417,0.5,0.1,60000
1.0,0.0327,0.06332913721313063,0.0,327,50000,0,9673,2026081417,0.5,0.2,60000
0.9975,0.0399,0.07673076923076923,2e-05,399,49999,1,9601,2026081418,0.0,0.0,60000
0.9973333333333333,0.0374,0.07209638554216867,2e-05,374,49999,1,9626,2026081418,0.0,0.05,60000
0.9973262032085561,0.0373,0.07191054559475613,2e-05,373,49999,1,9627,2026081418,0.0,0.1,60000
0.9966996699669967,0.0302,0.05862370183441716,2e-05,302,49999,1,9698,2026081418,0.0,0.2,60000
0.9975,0.0399,0.07673076923076923,2e-05,399,49999,1,9601,2026081418,0.1,0.0,60000
0.9973474801061007,0.0376,0.07246795798400309,2e-05,376,49999,1,9624,2026081418,0.1,0.05,60000
0.9972602739726028,0.0364,0.07023637240713941,2e-05,364,49999,1,9636,2026081418,0.1,0.1,60000
0.9969418960244648,0.0326,0.06313547012685194,2e-05,326,49999,1,9674,2026081418,0.1,0.2,60000
0.9975,0.0399,0.07673076923076923,2e-05,399,49999,1,9601,2026081418,0.25,0.0,60000
0.9974025974025974,0.0384,0.07395281656234955,2e-05,384,49999,1,9616,2026081418,0.25,0.05,60000
0.9972451790633609,0.0362,0.06986393901379909,2e-05,362,49999,1,9638,2026081418,0.25,0.1,60000
0.9969040247678018,0.0322,0.062384965610772065,2e-05,322,49999,1,9678,2026081418,0.25,0.2,60000
1.0,0.0399,0.07673814789883643,0.0,399,50000,0,9601,2026081418,0.5,0.0,60000
1.0,0.0376,0.07247494217424827,0.0,376,50000,0,9624,2026081418,0.5,0.05,60000
1.0,0.0351,0.06781953434450777,0.0,351,50000,0,9649,2026081418,0.5,0.1,60000
1.0,0.0318,0.06163985268462881,0.0,318,50000,0,9682,2026081418,0.5,0.2,60000
0.9975,0.0399,0.07673076923076923,2e-05,399,49999,1,9601,2026081419,0.0,0.0,60000
0.9973958333333334,0.0383,0.0737673343605547,2e-05,383,49999,1,9617,2026081419,0.0,0.05,60000
0.9971830985915493,0.0354,0.06837276677933365,2e-05,354,49999,1,9646,2026081419,0.0,0.1,60000
0.9969040247678018,0.0322,0.062384965610772065,2e-05,322,49999,1,9678,2026081419,0.0,0.2,60000
0.9975,0.0399,0.07673076923076923,2e-05,399,49999,1,9601,2026081419,0.1,0.0,60000
0.9973614775725593,0.0378,0.07283938722420272,2e-05,378,49999,1,9622,2026081419,0.1,0.05,60000
0.9972375690607734,0.0361,0.06967766840378305,2e-05,361,49999,1,9639,2026081419,0.1,0.1,60000
1.0,0.0313,0.06070008726849607,0.0,313,50000,0,9687,2026081419,0.1,0.2,60000
0.9975,0.0399,0.07673076923076923,2e-05,399,49999,1,9601,2026081419,0.25,0.0,60000
0.9973614775725593,0.0378,0.07283938722420272,2e-05,378,49999,1,9622,2026081419,0.25,0.05,60000
0.9971751412429378,0.0353,0.06818620822870389,2e-05,353,49999,1,9647,2026081419,0.25,0.1,60000
1.0,0.0303,0.05881782005241192,0.0,303,50000,0,9697,2026081419,0.25,0.2,60000
0.9975,0.0399,0.07673076923076923,2e-05,399,49999,1,9601,2026081419,0.5,0.0,60000
0.9973614775725593,0.0378,0.07283938722420272,2e-05,378,49999,1,9622,2026081419,0.5,0.05,60000
0.9971751412429378,0.0353,0.06818620822870389,2e-05,353,49999,1,9647,2026081419,0.5,0.1,60000
0.9969604863221885,0.0328,0.0635105044050731,2e-05,328,49999,1,9672,2026081419,0.5,0.2,60000
0.9975,0.0399,0.07673076923076923,2e-05,399,49999,1,9601,2026081420,0.0,0.0,60000
0.9973753280839895,0.038,0.07321067334553512,2e-05,380,49999,1,9620,2026081420,0.0,0.05,60000
0.9972602739726028,0.0364,0.07023637240713941,2e-05,364,49999,1,9636,2026081420,0.0,0.1,60000
0.9968152866242038,0.0313,0.0606942020554586,2e-05,313,49999,1,9687,2026081420,0.0,0.2,60000
0.9975,0.0399,0.07673076923076923,2e-05,399,49999,1,9601,2026081420,0.1,0.0,60000
0.9974025974025974,0.0384,0.07395281656234955,2e-05,384,49999,1,9616,2026081420,0.1,0.05,60000
0.997275204359673,0.0366,0.07060866210089707,2e-05,366,49999,1,9634,2026081420,0.1,0.1,60000
0.9968454258675079,0.0316,0.06125811766986527,2e-05,316,49999,1,9684,2026081420,0.1,0.2,60000
1.0,0.0399,0.07673814789883643,0.0,399,50000,0,9601,2026081420,0.25,0.0,60000
1.0,0.0376,0.07247494217424827,0.0,376,50000,0,9624,2026081420,0.25,0.05,60000
1.0,0.0357,0.06893888191561263,0.0,357,50000,0,9643,2026081420,0.25,0.1,60000
1.0,0.0319,0.06182769648221727,0.0,319,50000,0,9681,2026081420,0.25,0.2,60000
1.0,0.0399,0.07673814789883643,0.0,399,50000,0,9601,2026081420,0.5,0.0,60000
1.0,0.0379,0.07303208401580114,0.0,379,50000,0,9621,2026081420,0.5,0.05,60000
1.0,0.0346,0.06688575294799923,0.0,346,50000,0,9654,2026081420,0.5,0.1,60000
1.0,0.0328,0.06351665375677769,0.0,328,50000,0,9672,2026081420,0.5,0.2,60000
0.9975,0.0399,0.07673076923076923,2e-05,399,49999,1,9601,2026081421,0.0,0.0,60000
0.9973333333333333,0.0374,0.07209638554216867,2e-05,374,49999,1,9626,2026081421,0.0,0.05,60000
0.9972067039106145,0.0357,0.06893222629851323,2e-05,357,49999,1,9643,2026081421,0.0,0.1,60000
0.9968553459119497,0.0317,0.06144601666989727,2e-05,317,49999,1,9683,2026081421,0.0,0.2,60000
0.9975,0.0399,0.07673076923076923,2e-05,399,49999,1,9601,2026081421,0.1,0.0,60000
0.9974424552429667,0.039,0.07506496006159176,2e-05,390,49999,1,9610,2026081421,0.1,0.05,60000
0.9972602739726028,0.0364,0.07023637240713941,2e-05,364,49999,1,9636,2026081421,0.1,0.1,60000
0.9968152866242038,0.0313,0.0606942020554586,2e-05,313,49999,1,9687,2026081421,0.1,0.2,60000
1.0,0.0399,0.07673814789883643,0.0,399,50000,0,9601,2026081421,0.25,0.0,60000
1.0,0.0377,0.0726606919148116,0.0,377,50000,0,9623,2026081421,0.25,0.05,60000
1.0,0.0351,0.06781953434450777,0.0,351,50000,0,9649,2026081421,0.25,0.1,60000
1.0,0.0314,0.060888113244134186,0.0,314,50000,0,9686,2026081421,0.25,0.2,60000
1.0,0.0399,0.07673814789883643,0.0,399,50000,0,9601,2026081421,0.5,0.0,60000
1.0,0.0384,0.07395993836671803,0.0,384,50000,0,9616,2026081421,0.5,0.05,60000
1.0,0.0368,0.07098765432098765,0.0,368,50000,0,9632,2026081421,0.5,0.1,60000
1.0,0.0317,0.06145197247261801,0.0,317,50000,0,9683,2026081421,0.5,0.2,60000
0.9975,0.0399,0.07673076923076923,2e-05,399,49999,1,9601,2026081422,0.0,0.0,60000
0.9973190348525469,0.0372,0.07172466981586811,2e-05,372,49999,1,9628,2026081422,0.0,0.05,60000
0.9971751412429378,0.0353,0.06818620822870389,2e-05,353,49999,1,9647,2026081422,0.0,0.1,60000
0.9969512195121951,0.0327,0.06332300542215337,2e-05,327,49999,1,9673,2026081422,0.0,0.2,60000
1.0,0.0399,0.07673814789883643,0.0,399,50000,0,9601,2026081422,0.1,0.0,60000
1.0,0.0383,0.07377443898680536,0.0,383,50000,0,9617,2026081422,0.1,0.05,60000
1.0,0.0358,0.06912531376713651,0.0,358,50000,0,9642,2026081422,0.1,0.1,60000
1.0,0.0313,0.06070008726849607,0.0,313,50000,0,9687,2026081422,0.1,0.2,60000
1.0,0.0399,0.07673814789883643,0.0,399,50000,0,9601,2026081422,0.25,0.0,60000
1.0,0.0382,0.0735889038720863,0.0,382,50000,0,9618,2026081422,0.25,0.05,60000
1.0,0.0361,0.06968439339832062,0.0,361,50000,0,9639,2026081422,0.25,0.1,60000
1.0,0.0315,0.06107610276296655,0.0,315,50000,0,9685,2026081422,0.25,0.2,60000
1.0,0.0399,0.07673814789883643,0.0,399,50000,0,9601,2026081422,0.5,0.0,60000
1.0,0.0386,0.07433082996341228,0.0,386,50000,0,9614,2026081422,0.5,0.05,60000
1.0,0.0358,0.06912531376713651,0.0,358,50000,0,9642,2026081422,0.5,0.1,60000
1.0,0.0313,0.06070008726849607,0.0,313,50000,0,9687,2026081422,0.5,0.2,60000
0.9975,0.0399,0.07673076923076923,2e-05,399,49999,1,9601,2026081423,0.0,0.0,60000
0.9973890339425587,0.0382,0.07358181643070404,2e-05,382,49999,1,9618,2026081423,0.0,0.05,60000
0.9972826086956522,0.0367,0.07079475308641975,2e-05,367,49999,1,9633,2026081423,0.0,0.1,60000
1.0,0.0314,0.060888113244134186,0.0,314,50000,0,9686,2026081423,0.0,0.2,60000
0.9975,0.0399,0.07673076923076923,2e-05,399,49999,1,9601,2026081423,0.1,0.0,60000
0.9973474801061007,0.0376,0.07246795798400309,2e-05,376,49999,1,9624,2026081423,0.1,0.05,60000
0.9972067039106145,0.0357,0.06893222629851323,2e-05,357,49999,1,9643,2026081423,0.1,0.1,60000
0.9969135802469136,0.0323,0.06257264626113909,2e-05,323,49999,1,9677,2026081423,0.1,0.2,60000
1.0,0.0399,0.07673814789883643,0.0,399,50000,0,9601,2026081423,0.25,0.0,60000
1.0,0.038,0.07321772639691715,0.0,380,50000,0,9620,2026081423,0.25,0.05,60000
1.0,0.0355,0.06856591018831483,0.0,355,50000,0,9645,2026081423,0.25,0.1,60000
1.0,0.0318,0.06163985268462881,0.0,318,50000,0,9682,2026081423,0.25,0.2,60000
1.0,0.0399,0.07673814789883643,0.0,399,50000,0,9601,2026081423,0.5,0.0,60000
1.0,0.0377,0.0726606919148116,0.0,377,50000,0,9623,2026081423,0.5,0.05,60000
1.0,0.0353,0.06819279435912295,0.0,353,50000,0,9647,2026081423,0.5,0.1,60000
1.0,0.0324,0.06276636962417667,0.0,324,50000,0,9676,2026081423,0.5,0.2,60000
0.9975,0.0399,0.07673076923076923,2e-05,399,49999,1,9601,2026081424,0.0,0.0,60000
1.0,0.0374,0.07210333526123,0.0,374,50000,0,9626,2026081424,0.0,0.05,60000
0.9972222222222222,0.0359,0.06930501930501931,2e-05,359,49999,1,9641,2026081424,0.0,0.1,60000
0.9968652037617555,0.0318,0.06163387925186549,2e-05,318,49999,1,9682,2026081424,0.0,0.2,60000
0.9975,0.0399,0.07673076923076923,2e-05,399,49999,1,9601,2026081424,0.1,0.0,60000
0.9973890339425587,0.0382,0.07358181643070404,2e-05,382,49999,1,9618,2026081424,0.1,0.05,60000
0.9972144846796658,0.0358,0.06911864079544358,2e-05,358,49999,1,9642,2026081424,0.1,0.1,60000
0.9968553459119497,0.0317,0.06144601666989727,2e-05,317,49999,1,9683,2026081424,0.1,0.2,60000
1.0,0.0399,0.07673814789883643,0.0,399,50000,0,9601,2026081424,0.25,0.0,60000
1.0,0.0379,0.07303208401580114,0.0,379,50000,0,9621,2026081424,0.25,0.05,60000
1.0,0.0361,0.06968439339832062,0.0,361,50000,0,9639,2026081424,0.25,0.1,60000
1.0,0.0305,0.059194565744784086,0.0,305,50000,0,9695,2026081424,0.25,0.2,60000
1.0,0.0399,0.07673814789883643,0.0,399,50000,0,9601,2026081424,0.5,0.0,60000
1.0,0.0383,0.07377443898680536,0.0,383,50000,0,9617,2026081424,0.5,0.05,60000
1.0,0.0367,0.07080158194270281,0.0,367,50000,0,9633,2026081424,0.5,0.1,60000
1.0,0.0324,0.06276636962417667,0.0,324,50000,0,9676,2026081424,0.5,0.2,60000
0.9975,0.0399,0.07673076923076923,2e-05,399,49999,1,9601,2026081425,0.0,0.0,60000
0.9973544973544973,0.0377,0.07265369049913278,2e-05,377,49999,1,9623,2026081425,0.0,0.05,60000
0.997229916897507,0.036,0.06949136183766046,2e-05,360,49999,1,9640,2026081425,0.0,0.1,60000
0.9969788519637462,0.033,0.06388539347594618,2e-05,330,49999,1,9670,2026081425,0.0,0.2,60000
0.9975,0.0399,0.07673076923076923,2e-05,399,49999,1,9601,2026081425,0.1,0.0,60000
0.9973544973544973,0.0377,0.07265369049913278,2e-05,377,49999,1,9623,2026081425,0.1,0.05,60000
0.9972067039106145,0.0357,0.06893222629851323,2e-05,357,49999,1,9643,2026081425,0.1,0.1,60000
1.0,0.0316,0.061264055835595195,0.0,316,50000,0,9684,2026081425,0.1,0.2,60000
0.9975,0.0399,0.07673076923076923,2e-05,399,49999,1,9601,2026081425,0.25,0.0,60000
0.9972972972972973,0.0369,0.07116682738669239,2e-05,369,49999,1,9631,2026081425,0.25,0.05,60000
0.9973404255319149,0.0375,0.0722821896684657,2e-05,375,49999,1,9625,2026081425,0.25,0.1,60000
0.9968454258675079,0.0316,0.06125811766986527,2e-05,316,49999,1,9684,2026081425,0.25,0.2,60000
1.0,0.0399,0.07673814789883643,0.0,399,50000,0,9601,2026081425,0.5,0.0,60000
1.0,0.0379,0.07303208401580114,0.0,379,50000,0,9621,2026081425,0.5,0.05,60000
1.0,0.0359,0.06931170962448113,0.0,359,50000,0,9641,2026081425,0.5,0.1,60000
1.0,0.0312,0.060512024825446084,0.0,312,50000,0,9688,2026081425,0.5,0.2,60000
0.9975,0.0399,0.07673076923076923,2e-05,399,49999,1,9601,2026081426,0.0,0.0,60000
0.9973333333333333,0.0374,0.07209638554216867,2e-05,374,49999,1,9626,2026081426,0.0,0.05,60000
1.0,0.0357,0.06893888191561263,0.0,357,50000,0,9643,2026081426,0.0,0.1,60000
0.996969696969697,0.0329,0.06369796708615683,2e-05,329,49999,1,9671,2026081426,0.0,0.2,60000
0.9975,0.0399,0.07673076923076923,2e-05,399,49999,1,9601,2026081426,0.1,0.0,60000
0.9974424552429667,0.039,0.07506496006159176,2e-05,390,49999,1,9610,2026081426,0.1,0.05,60000
0.9971590909090909,0.0351,0.06781298299845441,2e-05,351,49999,1,9649,2026081426,0.1,0.1,60000
1.0,0.033,0.06389157792836399,0.0,330,50000,0,9670,2026081426,0.1,0.2,60000
1.0,0.0399,0.07673814789883643,0.0,399,50000,0,9601,2026081426,0.25,0.0,60000
1.0,0.038,0.07321772639691715,0.0,380,50000,0,9620,2026081426,0.25,0.05,60000
1.0,0.0356,0.06875241405948243,0.0,356,50000,0,9644,2026081426,0.25,0.1,60000
1.0,0.0327,0.06332913721313063,0.0,327,50000,0,9673,2026081426,0.25,0.2,60000
1.0,0.0399,0.07673814789883643,0.0,399,50000,0,9601,2026081426,0.5,0.0,60000
1.0,0.0374,0.07210333526123,0.0,374,50000,0,9626,2026081426,0.5,0.05,60000
1.0,0.0355,0.06856591018831483,0.0,355,50000,0,9645,2026081426,0.5,0.1,60000
1.0,0.0313,0.06070008726849607,0.0,313,50000,0,9687,2026081426,0.5,0.2,60000
0.9975,0.0399,0.07673076923076923,2e-05,399,49999,1,9601,2026081427,0.0,0.0,60000
0.9973190348525469,0.0372,0.07172466981586811,2e-05,372,49999,1,9628,2026081427,0.0,0.05,60000
0.9971830985915493,0.0354,0.06837276677933365,2e-05,354,49999,1,9646,2026081427,0.0,0.1,60000
1.0,0.0321,0.06220327487646546,0.0,321,50000,0,9679,2026081427,0.0,0.2,60000
0.9975,0.0399,0.07673076923076923,2e-05,399,49999,1,9601,2026081427,0.1,0.0,60000
0.9973684210526316,0.0379,0.07302504816955684,2e-05,379,49999,1,9621,2026081427,0.1,0.05,60000
0.9972375690607734,0.0361,0.06967766840378305,2e-05,361,49999,1,9639,2026081427,0.1,0.1,60000
1.0,0.0322,0.062391009494284055,0.0,322,50000,0,9678,2026081427,0.1,0.2,60000
0.9975,0.0399,0.07673076923076923,2e-05,399,49999,1,9601,2026081427,0.25,0.0,60000
0.9973753280839895,0.038,0.07321067334553512,2e-05,380,49999,1,9620,2026081427,0.25,0.05,60000
0.9971910112359551,0.0355,0.06855928930088838,2e-05,355,49999,1,9645,2026081427,0.25,0.1,60000
0.9969788519637462,0.033,0.06388539347594618,2e-05,330,49999,1,9670,2026081427,0.25,0.2,60000
0.9975,0.0399,0.07673076923076923,2e-05,399,49999,1,9601,2026081427,0.5,0.0,60000
0.9973614775725593,0.0378,0.07283938722420272,2e-05,378,49999,1,9622,2026081427,0.5,0.05,60000
0.9973333333333333,0.0374,0.07209638554216867,2e-05,374,49999,1,9626,2026081427,0.5,0.1,60000
0.9967948717948718,0.0311,0.06031807602792863,2e-05,311,49999,1,9689,2026081427,0.5,0.2,60000
0.9975,0.0399,0.07673076923076923,2e-05,399,49999,1,9601,2026081428,0.0,0.0,60000
0.9974025974025974,0.0384,0.07395281656234955,2e-05,384,49999,1,9616,2026081428,0.0,0.05,60000
0.9971988795518207,0.0356,0.06874577580380418,2e-05,356,49999,1,9644,2026081428,0.0,0.1,60000
1.0,0.0312,0.060512024825446084,0.0,312,50000,0,9688,2026081428,0.0,0.2,60000
0.9975,0.0399,0.07673076923076923,2e-05,399,49999,1,9601,2026081428,0.1,0.0,60000
1.0,0.0378,0.07284640585854693,0.0,378,50000,0,9622,2026081428,0.1,0.05,60000
0.9971590909090909,0.0351,0.06781298299845441,2e-05,351,49999,1,9649,2026081428,0.1,0.1,60000
0.996996996996997,0.0332,0.06426013742378786,2e-05,332,49999,1,9668,2026081428,0.1,0.2,60000
1.0,0.0399,0.07673814789883643,0.0,399,50000,0,9601,2026081428,0.25,0.0,60000
1.0,0.0378,0.07284640585854693,0.0,378,50000,0,9622,2026081428,0.25,0.05,60000
1.0,0.0353,0.06819279435912295,0.0,353,50000,0,9647,2026081428,0.25,0.1,60000
1.0,0.0312,0.060512024825446084,0.0,312,50000,0,9688,2026081428,0.25,0.2,60000
1.0,0.0399,0.07673814789883643,0.0,399,50000,0,9601,2026081428,0.5,0.0,60000
1.0,0.0378,0.07284640585854693,0.0,378,50000,0,9622,2026081428,0.5,0.05,60000
1.0,0.0343,0.06632505075896741,0.0,343,50000,0,9657,2026081428,0.5,0.1,60000
1.0,0.0328,0.06351665375677769,0.0,328,50000,0,9672,2026081428,0.5,0.2,60000
0.9975,0.0399,0.07673076923076923,2e-05,399,49999,1,9601,2026081429,0.0,0.0,60000
0.9973753280839895,0.038,0.07321067334553512,2e-05,380,49999,1,9620,2026081429,0.0,0.05,60000
0.9972067039106145,0.0357,0.06893222629851323,2e-05,357,49999,1,9643,2026081429,0.0,0.1,60000
0.9968454258675079,0.0316,0.06125811766986527,2e-05,316,49999,1,9684,2026081429,0.0,0.2,60000
0.9975,0.0399,0.07673076923076923,2e-05,399,49999,1,9601,2026081429,0.1,0.0,60000
0.9973684210526316,0.0379,0.07302504816955684,2e-05,379,49999,1,9621,2026081429,0.1,0.05,60000
0.9971590909090909,0.0351,0.06781298299845441,2e-05,351,49999,1,9649,2026081429,0.1,0.1,60000
0.9969230769230769,0.0324,0.06276029055690073,2e-05,324,49999,1,9676,2026081429,0.1,0.2,60000
0.9975,0.0399,0.07673076923076923,2e-05,399,49999,1,9601,2026081429,0.25,0.0,60000
0.9973684210526316,0.0379,0.07302504816955684,2e-05,379,49999,1,9621,2026081429,0.25,0.05,60000
0.9972375690607734,0.0361,0.06967766840378305,2e-05,361,49999,1,9639,2026081429,0.25,0.1,60000
0.9968454258675079,0.0316,0.06125811766986527,2e-05,316,49999,1,9684,2026081429,0.25,0.2,60000
1.0,0.0399,0.07673814789883643,0.0,399,50000,0,9601,2026081429,0.5,0.0,60000
1.0,0.0382,0.0735889038720863,0.0,382,50000,0,9618,2026081429,0.5,0.05,60000
1.0,0.036,0.0694980694980695,0.0,360,50000,0,9640,2026081429,0.5,0.1,60000
1.0,0.0312,0.060512024825446084,0.0,312,50000,0,9688,2026081429,0.5,0.2,60000
0.9975,0.0399,0.07673076923076923,2e-05,399,49999,1,9601,2026081430,0.0,0.0,60000
0.9973821989528796,0.0381,0.07339626276247352,2e-05,381,49999,1,9619,2026081430,0.0,0.05,60000
0.9971988795518207,0.0356,0.06874577580380418,2e-05,356,49999,1,9644,2026081430,0.0,0.1,60000
0.9969325153374233,0.0325,0.06294789850861902,2e-05,325,49999,1,9675,2026081430,0.0,0.2,60000
0.9975,0.0399,0.07673076923076923,2e-05,399,49999,1,9601,2026081430,0.1,0.0,60000
0.9973890339425587,0.0382,0.07358181643070404,2e-05,382,49999,1,9618,2026081430,0.1,0.05,60000
0.9971590909090909,0.0351,0.06781298299845441,2e-05,351,49999,1,9649,2026081430,0.1,0.1,60000
0.9968454258675079,0.0316,0.06125811766986527,2e-05,316,49999,1,9684,2026081430,0.1,0.2,60000
1.0,0.0399,0.07673814789883643,0.0,399,50000,0,9601,2026081430,0.25,0.0,60000
1.0,0.0382,0.0735889038720863,0.0,382,50000,0,9618,2026081430,0.25,0.05,60000
1.0,0.0356,0.06875241405948243,0.0,356,50000,0,9644,2026081430,0.25,0.1,60000
1.0,0.0328,0.06351665375677769,0.0,328,50000,0,9672,2026081430,0.25,0.2,60000
1.0,0.0399,0.07673814789883643,0.0,399,50000,0,9601,2026081430,0.5,0.0,60000
1.0,0.038,0.07321772639691715,0.0,380,50000,0,9620,2026081430,0.5,0.05,60000
1.0,0.0362,0.06987068133564948,0.0,362,50000,0,9638,2026081430,0.5,0.1,60000
1.0,0.0329,0.06370413399167393,0.0,329,50000,0,9671,2026081430,0.5,0.2,60000
