seed,policy_deletion_fraction,trace_dropout_fraction,removed_rules,precision,recall,f1,fpr,tp,tn,fp,fn,mean_checks,mean_candidates
2026081401,0.0,0.0,,1.0,0.746031746031746,0.8545454545454545,0.0,376,2496,0,128,9.0,9.0
2026081401,0.0,0.05,,1.0,0.7063492063492064,0.827906976744186,0.0,356,2496,0,148,9.0,9.0
2026081401,0.0,0.1,,1.0,0.6726190476190477,0.8042704626334519,0.0,339,2496,0,165,9.0,9.0
2026081401,0.0,0.2,,1.0,0.6111111111111112,0.7586206896551724,0.0,308,2496,0,196,9.0,9.0
2026081401,0.25,0.0,D_SCAN,1.0,0.7420634920634921,0.8519362186788155,0.0,374,2496,0,130,8.0,8.0
2026081401,0.25,0.05,D_SCAN,1.0,0.7023809523809523,0.8251748251748252,0.0,354,2496,0,150,8.0,8.0
2026081401,0.25,0.1,D_SCAN,1.0,0.6686507936507936,0.8014268727705113,0.0,337,2496,0,167,8.0,8.0
2026081401,0.25,0.2,D_SCAN,1.0,0.6091269841269841,0.7570900123304563,0.0,307,2496,0,197,8.0,8.0
2026081401,0.5,0.0,D_SCAN;D_SECRET_READ,1.0,0.5218253968253969,0.6857887874837028,0.0,263,2496,0,241,7.0,7.0
2026081401,0.5,0.05,D_SCAN;D_SECRET_READ,1.0,0.49206349206349204,0.6595744680851063,0.0,248,2496,0,256,7.0,7.0
2026081401,0.5,0.1,D_SCAN;D_SECRET_READ,1.0,0.4662698412698413,0.6359945872801083,0.0,235,2496,0,269,7.0,7.0
2026081401,0.5,0.2,D_SCAN;D_SECRET_READ,1.0,0.41865079365079366,0.5902097902097903,0.0,211,2496,0,293,7.0,7.0
2026081401,0.75,0.0,D_SCAN;D_SECRET_READ;D_SYSTEM_WRITE,1.0,0.30158730158730157,0.4634146341463415,0.0,152,2496,0,352,6.0,6.0
2026081401,0.75,0.05,D_SCAN;D_SECRET_READ;D_SYSTEM_WRITE,1.0,0.2876984126984127,0.44684129429892144,0.0,145,2496,0,359,6.0,6.0
2026081401,0.75,0.1,D_SCAN;D_SECRET_READ;D_SYSTEM_WRITE,1.0,0.2757936507936508,0.432348367029549,0.0,139,2496,0,365,6.0,6.0
2026081401,0.75,0.2,D_SCAN;D_SECRET_READ;D_SYSTEM_WRITE,1.0,0.24206349206349206,0.38977635782747605,0.0,122,2496,0,382,6.0,6.0
2026081402,0.0,0.0,,1.0,0.7578740157480315,0.8622620380739082,0.0,385,2492,0,123,9.0,9.0
2026081402,0.0,0.05,,1.0,0.7066929133858267,0.8281430219146482,0.0,359,2492,0,149,9.0,9.0
2026081402,0.0,0.1,,1.0,0.6692913385826772,0.8018867924528302,0.0,340,2492,0,168,9.0,9.0
2026081402,0.0,0.2,,1.0,0.5885826771653543,0.7410161090458488,0.0,299,2492,0,209,9.0,9.0
2026081402,0.25,0.0,D_SECRET_READ,1.0,0.5196850393700787,0.6839378238341969,0.0,264,2492,0,244,8.0,8.0
2026081402,0.25,0.05,D_SECRET_READ,1.0,0.48031496062992124,0.648936170212766,0.0,244,2492,0,264,8.0,8.0
2026081402,0.25,0.1,D_SECRET_READ,1.0,0.452755905511811,0.6233062330623306,0.0,230,2492,0,278,8.0,8.0
2026081402,0.25,0.2,D_SECRET_READ,1.0,0.39763779527559057,0.5690140845070423,0.0,202,2492,0,306,8.0,8.0
2026081402,0.5,0.0,D_SECRET_READ;D_SYSTEM_WRITE,1.0,0.2440944881889764,0.3924050632911392,0.0,124,2492,0,384,7.0,7.0
2026081402,0.5,0.05,D_SECRET_READ;D_SYSTEM_WRITE,1.0,0.22244094488188976,0.3639291465378422,0.0,113,2492,0,395,7.0,7.0
2026081402,0.5,0.1,D_SECRET_READ;D_SYSTEM_WRITE,1.0,0.20866141732283464,0.34527687296416937,0.0,106,2492,0,402,7.0,7.0
2026081402,0.5,0.2,D_SECRET_READ;D_SYSTEM_WRITE,1.0,0.18110236220472442,0.30666666666666664,0.0,92,2492,0,416,7.0,7.0
2026081402,0.75,0.0,D_SECRET_READ;D_SYSTEM_EXEC;D_SYSTEM_WRITE,1.0,0.001968503937007874,0.003929273084479371,0.0,1,2492,0,507,6.0,6.0
2026081402,0.75,0.05,D_SECRET_READ;D_SYSTEM_EXEC;D_SYSTEM_WRITE,1.0,0.001968503937007874,0.003929273084479371,0.0,1,2492,0,507,6.0,6.0
2026081402,0.75,0.1,D_SECRET_READ;D_SYSTEM_EXEC;D_SYSTEM_WRITE,1.0,0.001968503937007874,0.003929273084479371,0.0,1,2492,0,507,6.0,6.0
2026081402,0.75,0.2,D_SECRET_READ;D_SYSTEM_EXEC;D_SYSTEM_WRITE,0.0,0.0,0.0,0.0,0,2492,0,508,6.0,6.0
2026081403,0.0,0.0,,1.0,0.7408123791102514,0.8511111111111112,0.0,383,2483,0,134,9.0,9.0
2026081403,0.0,0.05,,1.0,0.688588007736944,0.8155784650630011,0.0,356,2483,0,161,9.0,9.0
2026081403,0.0,0.1,,1.0,0.6537717601547389,0.7906432748538011,0.0,338,2483,0,179,9.0,9.0
2026081403,0.0,0.2,,1.0,0.5841392649903289,0.7374847374847375,0.0,302,2483,0,215,9.0,9.0
2026081403,0.25,0.0,D_SYSTEM_EXEC,1.0,0.4835589941972921,0.651890482398957,0.0,250,2483,0,267,8.0,8.0
2026081403,0.25,0.05,D_SYSTEM_EXEC,1.0,0.4526112185686654,0.6231691078561917,0.0,234,2483,0,283,8.0,8.0
2026081403,0.25,0.1,D_SYSTEM_EXEC,1.0,0.43133462282398455,0.6027027027027027,0.0,223,2483,0,294,8.0,8.0
2026081403,0.25,0.2,D_SYSTEM_EXEC,1.0,0.3849129593810445,0.5558659217877095,0.0,199,2483,0,318,8.0,8.0
2026081403,0.5,0.0,D_SYSTEM_EXEC;D_SYSTEM_WRITE,1.0,0.21663442940038685,0.356120826709062,0.0,112,2483,0,405,7.0,7.0
2026081403,0.5,0.05,D_SYSTEM_EXEC;D_SYSTEM_WRITE,1.0,0.19922630560928434,0.33225806451612905,0.0,103,2483,0,414,7.0,7.0
2026081403,0.5,0.1,D_SYSTEM_EXEC;D_SYSTEM_WRITE,1.0,0.19342359767891681,0.3241491085899514,0.0,100,2483,0,417,7.0,7.0
2026081403,0.5,0.2,D_SYSTEM_EXEC;D_SYSTEM_WRITE,1.0,0.16827852998065765,0.28807947019867547,0.0,87,2483,0,430,7.0,7.0
2026081403,0.75,0.0,D_SCAN;D_SYSTEM_EXEC;D_SYSTEM_WRITE,1.0,0.21470019342359767,0.3535031847133758,0.0,111,2483,0,406,6.0,6.0
2026081403,0.75,0.05,D_SCAN;D_SYSTEM_EXEC;D_SYSTEM_WRITE,1.0,0.19729206963249515,0.3295638126009693,0.0,102,2483,0,415,6.0,6.0
2026081403,0.75,0.1,D_SCAN;D_SYSTEM_EXEC;D_SYSTEM_WRITE,1.0,0.19148936170212766,0.32142857142857145,0.0,99,2483,0,418,6.0,6.0
2026081403,0.75,0.2,D_SCAN;D_SYSTEM_EXEC;D_SYSTEM_WRITE,1.0,0.16827852998065765,0.28807947019867547,0.0,87,2483,0,430,6.0,6.0
2026081404,0.0,0.0,,1.0,0.7595628415300546,0.8633540372670807,0.0,417,2451,0,132,9.0,9.0
2026081404,0.0,0.05,,1.0,0.7231329690346083,0.8393234672304439,0.0,397,2451,0,152,9.0,9.0
2026081404,0.0,0.1,,1.0,0.6830601092896175,0.8116883116883117,0.0,375,2451,0,174,9.0,9.0
2026081404,0.0,0.2,,1.0,0.6083788706739527,0.7565118912797282,0.0,334,2451,0,215,9.0,9.0
2026081404,0.25,0.0,D_SYSTEM_EXEC,1.0,0.48451730418943534,0.652760736196319,0.0,266,2451,0,283,8.0,8.0
2026081404,0.25,0.05,D_SYSTEM_EXEC,1.0,0.46083788706739526,0.6309226932668329,0.0,253,2451,0,296,8.0,8.0
2026081404,0.25,0.1,D_SYSTEM_EXEC,1.0,0.43897996357012753,0.610126582278481,0.0,241,2451,0,308,8.0,8.0
2026081404,0.25,0.2,D_SYSTEM_EXEC,1.0,0.3843351548269581,0.5552631578947368,0.0,211,2451,0,338,8.0,8.0
2026081404,0.5,0.0,D_SECRET_READ;D_SYSTEM_EXEC,1.0,0.2222222222222222,0.36363636363636365,0.0,122,2451,0,427,7.0,7.0
2026081404,0.5,0.05,D_SECRET_READ;D_SYSTEM_EXEC,1.0,0.21311475409836064,0.35135135135135137,0.0,117,2451,0,432,7.0,7.0
2026081404,0.5,0.1,D_SECRET_READ;D_SYSTEM_EXEC,1.0,0.20218579234972678,0.33636363636363636,0.0,111,2451,0,438,7.0,7.0
2026081404,0.5,0.2,D_SECRET_READ;D_SYSTEM_EXEC,1.0,0.18397085610200364,0.31076923076923074,0.0,101,2451,0,448,7.0,7.0
2026081404,0.75,0.0,D_SECRET_READ;D_SYSTEM_EXEC;D_SYSTEM_WRITE,0.0,0.0,0.0,0.0,0,2451,0,549,6.0,6.0
2026081404,0.75,0.05,D_SECRET_READ;D_SYSTEM_EXEC;D_SYSTEM_WRITE,0.0,0.0,0.0,0.0,0,2451,0,549,6.0,6.0
2026081404,0.75,0.1,D_SECRET_READ;D_SYSTEM_EXEC;D_SYSTEM_WRITE,0.0,0.0,0.0,0.0,0,2451,0,549,6.0,6.0
2026081404,0.75,0.2,D_SECRET_READ;D_SYSTEM_EXEC;D_SYSTEM_WRITE,0.0,0.0,0.0,0.0,0,2451,0,549,6.0,6.0
2026081405,0.0,0.0,,1.0,0.7305605786618445,0.8443051201671892,0.0,404,2447,0,149,9.0,9.0
2026081405,0.0,0.05,,1.0,0.701627486437613,0.824654622741764,0.0,388,2447,0,165,9.0,9.0
2026081405,0.0,0.1,,1.0,0.6582278481012658,0.7938931297709924,0.0,364,2447,0,189,9.0,9.0
2026081405,0.0,0.2,,1.0,0.5858951175406871,0.7388825541619156,0.0,324,2447,0,229,9.0,9.0
2026081405,0.25,0.0,D_SYSTEM_WRITE,1.0,0.488245931283906,0.6561360874848117,0.0,270,2447,0,283,8.0,8.0
2026081405,0.25,0.05,D_SYSTEM_WRITE,1.0,0.47377938517179025,0.6429447852760736,0.0,262,2447,0,291,8.0,8.0
2026081405,0.25,0.1,D_SYSTEM_WRITE,1.0,0.4430379746835443,0.6140350877192983,0.0,245,2447,0,308,8.0,8.0
2026081405,0.25,0.2,D_SYSTEM_WRITE,1.0,0.3960216998191682,0.5673575129533679,0.0,219,2447,0,334,8.0,8.0
2026081405,0.5,0.0,D_SYSTEM_EXEC;D_SYSTEM_WRITE,1.0,0.23869801084990958,0.3854014598540146,0.0,132,2447,0,421,7.0,7.0
2026081405,0.5,0.05,D_SYSTEM_EXEC;D_SYSTEM_WRITE,1.0,0.2314647377938517,0.37591776798825255,0.0,128,2447,0,425,7.0,7.0
2026081405,0.5,0.1,D_SYSTEM_EXEC;D_SYSTEM_WRITE,1.0,0.21699819168173598,0.35661218424962854,0.0,120,2447,0,433,7.0,7.0
2026081405,0.5,0.2,D_SYSTEM_EXEC;D_SYSTEM_WRITE,1.0,0.1844484629294756,0.3114503816793893,0.0,102,2447,0,451,7.0,7.0
2026081405,0.75,0.0,D_SECRET_READ;D_SYSTEM_EXEC;D_SYSTEM_WRITE,0.0,0.0,0.0,0.0,0,2447,0,553,6.0,6.0
2026081405,0.75,0.05,D_SECRET_READ;D_SYSTEM_EXEC;D_SYSTEM_WRITE,0.0,0.0,0.0,0.0,0,2447,0,553,6.0,6.0
2026081405,0.75,0.1,D_SECRET_READ;D_SYSTEM_EXEC;D_SYSTEM_WRITE,0.0,0.0,0.0,0.0,0,2447,0,553,6.0,6.0
2026081405,0.75,0.2,D_SECRET_READ;D_SYSTEM_EXEC;D_SYSTEM_WRITE,0.0,0.0,0.0,0.0,0,2447,0,553,6.0,6.0
2026081406,0.0,0.0,,1.0,0.7404718693284936,0.8508863399374348,0.0,408,2449,0,143,9.0,9.0
2026081406,0.0,0.05,,1.0,0.7114337568058077,0.8313891834570519,0.0,392,2449,0,159,9.0,9.0
2026081406,0.0,0.1,,1.0,0.6787658802177858,0.8086486486486486,0.0,374,2449,0,177,9.0,9.0
2026081406,0.0,0.2,,1.0,0.6134301270417423,0.7604049493813273,0.0,338,2449,0,213,9.0,9.0
2026081406,0.25,0.0,D_SCAN,1.0,0.7386569872958257,0.8496868475991649,0.0,407,2449,0,144,8.0,8.0
2026081406,0.25,0.05,D_SCAN,1.0,0.7096188747731398,0.8301486199575372,0.0,391,2449,0,160,8.0,8.0
2026081406,0.25,0.1,D_SCAN,1.0,0.676950998185118,0.8073593073593074,0.0,373,2449,0,178,8.0,8.0
2026081406,0.25,0.2,D_SCAN,1.0,0.6116152450090744,0.759009009009009,0.0,337,2449,0,214,8.0,8.0
2026081406,0.5,0.0,D_SCAN;D_SYSTEM_EXEC,1.0,0.46098003629764067,0.631055900621118,0.0,254,2449,0,297,7.0,7.0
2026081406,0.5,0.05,D_SCAN;D_SYSTEM_EXEC,1.0,0.44646098003629764,0.617314930991217,0.0,246,2449,0,305,7.0,7.0
2026081406,0.5,0.1,D_SCAN;D_SYSTEM_EXEC,1.0,0.426497277676951,0.5979643765903307,0.0,235,2449,0,316,7.0,7.0
2026081406,0.5,0.2,D_SCAN;D_SYSTEM_EXEC,1.0,0.38294010889292196,0.5538057742782152,0.0,211,2449,0,340,7.0,7.0
2026081406,0.75,0.0,D_SCAN;D_SECRET_READ;D_SYSTEM_EXEC,1.0,0.20326678765880218,0.3378582202111614,0.0,112,2449,0,439,6.0,6.0
2026081406,0.75,0.05,D_SCAN;D_SECRET_READ;D_SYSTEM_EXEC,1.0,0.19600725952813067,0.3277693474962064,0.0,108,2449,0,443,6.0,6.0
2026081406,0.75,0.1,D_SCAN;D_SECRET_READ;D_SYSTEM_EXEC,1.0,0.18330308529945555,0.3098159509202454,0.0,101,2449,0,450,6.0,6.0
2026081406,0.75,0.2,D_SCAN;D_SECRET_READ;D_SYSTEM_EXEC,1.0,0.1705989110707804,0.29147286821705426,0.0,94,2449,0,457,6.0,6.0
2026081407,0.0,0.0,,1.0,0.7244525547445255,0.8402116402116402,0.0,397,2452,0,151,9.0,9.0
2026081407,0.0,0.05,,1.0,0.6879562043795621,0.8151351351351351,0.0,377,2452,0,171,9.0,9.0
2026081407,0.0,0.1,,1.0,0.6478102189781022,0.7862679955703211,0.0,355,2452,0,193,9.0,9.0
2026081407,0.0,0.2,,1.0,0.5693430656934306,0.7255813953488373,0.0,312,2452,0,236,9.0,9.0
2026081407,0.25,0.0,D_SCAN,1.0,0.7226277372262774,0.8389830508474576,0.0,396,2452,0,152,8.0,8.0
2026081407,0.25,0.05,D_SCAN,1.0,0.6861313868613139,0.8138528138528138,0.0,376,2452,0,172,8.0,8.0
2026081407,0.25,0.1,D_SCAN,1.0,0.6478102189781022,0.7862679955703211,0.0,355,2452,0,193,8.0,8.0
2026081407,0.25,0.2,D_SCAN,1.0,0.5693430656934306,0.7255813953488373,0.0,312,2452,0,236,8.0,8.0
2026081407,0.5,0.0,D_SCAN;D_SECRET_READ,1.0,0.47992700729927007,0.6485819975339088,0.0,263,2452,0,285,7.0,7.0
2026081407,0.5,0.05,D_SCAN;D_SECRET_READ,1.0,0.45985401459854014,0.63,0.0,252,2452,0,296,7.0,7.0
2026081407,0.5,0.1,D_SCAN;D_SECRET_READ,1.0,0.43613138686131386,0.6073697585768743,0.0,239,2452,0,309,7.0,7.0
2026081407,0.5,0.2,D_SCAN;D_SECRET_READ,1.0,0.3813868613138686,0.5521796565389696,0.0,209,2452,0,339,7.0,7.0
2026081407,0.75,0.0,D_SCAN;D_SECRET_READ;D_SYSTEM_EXEC,1.0,0.21532846715328466,0.35435435435435436,0.0,118,2452,0,430,6.0,6.0
2026081407,0.75,0.05,D_SCAN;D_SECRET_READ;D_SYSTEM_EXEC,1.0,0.20802919708029197,0.34441087613293053,0.0,114,2452,0,434,6.0,6.0
2026081407,0.75,0.1,D_SCAN;D_SECRET_READ;D_SYSTEM_EXEC,1.0,0.19525547445255476,0.3267175572519084,0.0,107,2452,0,441,6.0,6.0
2026081407,0.75,0.2,D_SCAN;D_SECRET_READ;D_SYSTEM_EXEC,1.0,0.17335766423357665,0.2954898911353033,0.0,95,2452,0,453,6.0,6.0
2026081408,0.0,0.0,,1.0,0.7613636363636364,0.864516129032258,0.0,402,2472,0,126,9.0,9.0
2026081408,0.0,0.05,,1.0,0.7196969696969697,0.8370044052863436,0.0,380,2472,0,148,9.0,9.0
2026081408,0.0,0.1,,1.0,0.6856060606060606,0.8134831460674158,0.0,362,2472,0,166,9.0,9.0
2026081408,0.0,0.2,,1.0,0.6117424242424242,0.7591069330199764,0.0,323,2472,0,205,9.0,9.0
2026081408,0.25,0.0,D_SYSTEM_WRITE,1.0,0.49053030303030304,0.6581956797966964,0.0,259,2472,0,269,8.0,8.0
2026081408,0.25,0.05,D_SYSTEM_WRITE,1.0,0.4659090909090909,0.6356589147286822,0.0,246,2472,0,282,8.0,8.0
2026081408,0.25,0.1,D_SYSTEM_WRITE,1.0,0.44507575757575757,0.6159895150720839,0.0,235,2472,0,293,8.0,8.0
2026081408,0.25,0.2,D_SYSTEM_WRITE,1.0,0.3939393939393939,0.5652173913043478,0.0,208,2472,0,320,8.0,8.0
2026081408,0.5,0.0,D_SCAN;D_SYSTEM_WRITE,1.0,0.48863636363636365,0.6564885496183206,0.0,258,2472,0,270,7.0,7.0
2026081408,0.5,0.05,D_SCAN;D_SYSTEM_WRITE,1.0,0.4640151515151515,0.6338939197930142,0.0,245,2472,0,283,7.0,7.0
2026081408,0.5,0.1,D_SCAN;D_SYSTEM_WRITE,1.0,0.4431818181818182,0.6141732283464567,0.0,234,2472,0,294,7.0,7.0
2026081408,0.5,0.2,D_SCAN;D_SYSTEM_WRITE,1.0,0.39204545454545453,0.563265306122449,0.0,207,2472,0,321,7.0,7.0
2026081408,0.75,0.0,D_SCAN;D_SYSTEM_EXEC;D_SYSTEM_WRITE,1.0,0.26704545454545453,0.42152466367713004,0.0,141,2472,0,387,6.0,6.0
2026081408,0.75,0.05,D_SCAN;D_SYSTEM_EXEC;D_SYSTEM_WRITE,1.0,0.2481060606060606,0.3975720789074355,0.0,131,2472,0,397,6.0,6.0
2026081408,0.75,0.1,D_SCAN;D_SYSTEM_EXEC;D_SYSTEM_WRITE,1.0,0.23106060606060605,0.37538461538461537,0.0,122,2472,0,406,6.0,6.0
2026081408,0.75,0.2,D_SCAN;D_SYSTEM_EXEC;D_SYSTEM_WRITE,1.0,0.20075757575757575,0.334384858044164,0.0,106,2472,0,422,6.0,6.0
2026081409,0.0,0.0,,1.0,0.7412844036697248,0.8514225500526871,0.0,404,2455,0,141,9.0,9.0
2026081409,0.0,0.05,,1.0,0.710091743119266,0.8304721030042919,0.0,387,2455,0,158,9.0,9.0
2026081409,0.0,0.1,,1.0,0.6568807339449542,0.7929125138427464,0.0,358,2455,0,187,9.0,9.0
2026081409,0.0,0.2,,1.0,0.5798165137614679,0.7340301974448316,0.0,316,2455,0,229,9.0,9.0
2026081409,0.25,0.0,D_SYSTEM_WRITE,1.0,0.5009174311926605,0.6674816625916871,0.0,273,2455,0,272,8.0,8.0
2026081409,0.25,0.05,D_SYSTEM_WRITE,1.0,0.48073394495412847,0.6493184634448576,0.0,262,2455,0,283,8.0,8.0
2026081409,0.25,0.1,D_SYSTEM_WRITE,1.0,0.44587155963302755,0.616751269035533,0.0,243,2455,0,302,8.0,8.0
2026081409,0.25,0.2,D_SYSTEM_WRITE,1.0,0.3871559633027523,0.5582010582010583,0.0,211,2455,0,334,8.0,8.0
2026081409,0.5,0.0,D_SECRET_READ;D_SYSTEM_WRITE,1.0,0.25321100917431194,0.404099560761347,0.0,138,2455,0,407,7.0,7.0
2026081409,0.5,0.05,D_SECRET_READ;D_SYSTEM_WRITE,1.0,0.24403669724770644,0.39233038348082594,0.0,133,2455,0,412,7.0,7.0
2026081409,0.5,0.1,D_SECRET_READ;D_SYSTEM_WRITE,1.0,0.22568807339449543,0.36826347305389223,0.0,123,2455,0,422,7.0,7.0
2026081409,0.5,0.2,D_SECRET_READ;D_SYSTEM_WRITE,1.0,0.2036697247706422,0.3384146341463415,0.0,111,2455,0,434,7.0,7.0
2026081409,0.75,0.0,D_SECRET_READ;D_SYSTEM_EXEC;D_SYSTEM_WRITE,0.0,0.0,0.0,0.0,0,2455,0,545,6.0,6.0
2026081409,0.75,0.05,D_SECRET_READ;D_SYSTEM_EXEC;D_SYSTEM_WRITE,0.0,0.0,0.0,0.0,0,2455,0,545,6.0,6.0
2026081409,0.75,0.1,D_SECRET_READ;D_SYSTEM_EXEC;D_SYSTEM_WRITE,0.0,0.0,0.0,0.0,0,2455,0,545,6.0,6.0
2026081409,0.75,0.2,D_SECRET_READ;D_SYSTEM_EXEC;D_SYSTEM_WRITE,0.0,0.0,0.0,0.0,0,2455,0,545,6.0,6.0
2026081410,0.0,0.0,,1.0,0.7782101167315175,0.87527352297593,0.0,400,2486,0,114,9.0,9.0
2026081410,0.0,0.05,,1.0,0.754863813229572,0.8603104212860311,0.0,388,2486,0,126,9.0,9.0
2026081410,0.0,0.1,,1.0,0.7198443579766537,0.8371040723981901,0.0,370,2486,0,144,9.0,9.0
2026081410,0.0,0.2,,1.0,0.642023346303502,0.7819905213270142,0.0,330,2486,0,184,9.0,9.0
2026081410,0.25,0.0,D_SCAN,1.0,0.7782101167315175,0.87527352297593,0.0,400,2486,0,114,8.0,8.0
2026081410,0.25,0.05,D_SCAN,1.0,0.754863813229572,0.8603104212860311,0.0,388,2486,0,126,8.0,8.0
2026081410,0.25,0.1,D_SCAN,1.0,0.7198443579766537,0.8371040723981901,0.0,370,2486,0,144,8.0,8.0
2026081410,0.25,0.2,D_SCAN,1.0,0.642023346303502,0.7819905213270142,0.0,330,2486,0,184,8.0,8.0
2026081410,0.5,0.0,D_SCAN;D_SYSTEM_EXEC,1.0,0.4961089494163424,0.6631989596879063,0.0,255,2486,0,259,7.0,7.0
2026081410,0.5,0.05,D_SCAN;D_SYSTEM_EXEC,1.0,0.48443579766536965,0.6526867627785059,0.0,249,2486,0,265,7.0,7.0
2026081410,0.5,0.1,D_SCAN;D_SYSTEM_EXEC,1.0,0.4591439688715953,0.6293333333333333,0.0,236,2486,0,278,7.0,7.0
2026081410,0.5,0.2,D_SCAN;D_SYSTEM_EXEC,1.0,0.4085603112840467,0.580110497237569,0.0,210,2486,0,304,7.0,7.0
2026081410,0.75,0.0,D_SCAN;D_SECRET_READ;D_SYSTEM_EXEC,1.0,0.2723735408560311,0.42813455657492355,0.0,140,2486,0,374,6.0,6.0
2026081410,0.75,0.05,D_SCAN;D_SECRET_READ;D_SYSTEM_EXEC,1.0,0.26459143968871596,0.41846153846153844,0.0,136,2486,0,378,6.0,6.0
2026081410,0.75,0.1,D_SCAN;D_SECRET_READ;D_SYSTEM_EXEC,1.0,0.2529182879377432,0.40372670807453415,0.0,130,2486,0,384,6.0,6.0
2026081410,0.75,0.2,D_SCAN;D_SECRET_READ;D_SYSTEM_EXEC,1.0,0.22568093385214008,0.3682539682539683,0.0,116,2486,0,398,6.0,6.0
2026081411,0.0,0.0,,1.0,0.7436823104693141,0.8530020703933747,0.0,412,2446,0,142,9.0,9.0
2026081411,0.0,0.05,,1.0,0.6949458483754513,0.820021299254526,0.0,385,2446,0,169,9.0,9.0
2026081411,0.0,0.1,,1.0,0.6552346570397112,0.7917121046892039,0.0,363,2446,0,191,9.0,9.0
2026081411,0.0,0.2,,1.0,0.5866425992779783,0.7394766780432309,0.0,325,2446,0,229,9.0,9.0
2026081411,0.25,0.0,D_SYSTEM_WRITE,1.0,0.4855595667870036,0.6537059538274606,0.0,269,2446,0,285,8.0,8.0
2026081411,0.25,0.05,D_SYSTEM_WRITE,1.0,0.4620938628158845,0.6320987654320988,0.0,256,2446,0,298,8.0,8.0
2026081411,0.25,0.1,D_SYSTEM_WRITE,1.0,0.4314079422382672,0.6027742749054225,0.0,239,2446,0,315,8.0,8.0
2026081411,0.25,0.2,D_SYSTEM_WRITE,1.0,0.37725631768953066,0.5478374836173001,0.0,209,2446,0,345,8.0,8.0
2026081411,0.5,0.0,D_SCAN;D_SYSTEM_WRITE,1.0,0.48375451263537905,0.6520681265206812,0.0,268,2446,0,286,7.0,7.0
2026081411,0.5,0.05,D_SCAN;D_SYSTEM_WRITE,1.0,0.4602888086642599,0.630407911001236,0.0,255,2446,0,299,7.0,7.0
2026081411,0.5,0.1,D_SCAN;D_SYSTEM_WRITE,1.0,0.4296028880866426,0.601010101010101,0.0,238,2446,0,316,7.0,7.0
2026081411,0.5,0.2,D_SCAN;D_SYSTEM_WRITE,1.0,0.37545126353790614,0.5459317585301837,0.0,208,2446,0,346,7.0,7.0
2026081411,0.75,0.0,D_SCAN;D_SECRET_READ;D_SYSTEM_WRITE,1.0,0.2292418772563177,0.37298091042584436,0.0,127,2446,0,427,6.0,6.0
2026081411,0.75,0.05,D_SCAN;D_SECRET_READ;D_SYSTEM_WRITE,1.0,0.21299638989169675,0.35119047619047616,0.0,118,2446,0,436,6.0,6.0
2026081411,0.75,0.1,D_SCAN;D_SECRET_READ;D_SYSTEM_WRITE,1.0,0.2003610108303249,0.33383458646616543,0.0,111,2446,0,443,6.0,6.0
2026081411,0.75,0.2,D_SCAN;D_SECRET_READ;D_SYSTEM_WRITE,1.0,0.16606498194945848,0.2848297213622291,0.0,92,2446,0,462,6.0,6.0
2026081412,0.0,0.0,,1.0,0.7509090909090909,0.857736240913811,0.0,413,2450,0,137,9.0,9.0
2026081412,0.0,0.05,,1.0,0.7090909090909091,0.8297872340425532,0.0,390,2450,0,160,9.0,9.0
2026081412,0.0,0.1,,1.0,0.6636363636363637,0.7978142076502732,0.0,365,2450,0,185,9.0,9.0
2026081412,0.0,0.2,,1.0,0.5945454545454546,0.7457240592930444,0.0,327,2450,0,223,9.0,9.0
2026081412,0.25,0.0,D_SCAN,1.0,0.7509090909090909,0.857736240913811,0.0,413,2450,0,137,8.0,8.0
2026081412,0.25,0.05,D_SCAN,1.0,0.7090909090909091,0.8297872340425532,0.0,390,2450,0,160,8.0,8.0
2026081412,0.25,0.1,D_SCAN,1.0,0.6636363636363637,0.7978142076502732,0.0,365,2450,0,185,8.0,8.0
2026081412,0.25,0.2,D_SCAN,1.0,0.5945454545454546,0.7457240592930444,0.0,327,2450,0,223,8.0,8.0
2026081412,0.5,0.0,D_SCAN;D_SYSTEM_EXEC,1.0,0.5,0.6666666666666666,0.0,275,2450,0,275,7.0,7.0
2026081412,0.5,0.05,D_SCAN;D_SYSTEM_EXEC,1.0,0.4709090909090909,0.6402966625463535,0.0,259,2450,0,291,7.0,7.0
2026081412,0.5,0.1,D_SCAN;D_SYSTEM_EXEC,1.0,0.4381818181818182,0.6093552465233881,0.0,241,2450,0,309,7.0,7.0
2026081412,0.5,0.2,D_SCAN;D_SYSTEM_EXEC,1.0,0.38727272727272727,0.5583224115334207,0.0,213,2450,0,337,7.0,7.0
2026081412,0.75,0.0,D_SCAN;D_SECRET_READ;D_SYSTEM_EXEC,1.0,0.24727272727272728,0.3965014577259475,0.0,136,2450,0,414,6.0,6.0
2026081412,0.75,0.05,D_SCAN;D_SECRET_READ;D_SYSTEM_EXEC,1.0,0.2309090909090909,0.37518463810930575,0.0,127,2450,0,423,6.0,6.0
2026081412,0.75,0.1,D_SCAN;D_SECRET_READ;D_SYSTEM_EXEC,1.0,0.22,0.36065573770491804,0.0,121,2450,0,429,6.0,6.0
2026081412,0.75,0.2,D_SCAN;D_SECRET_READ;D_SYSTEM_EXEC,1.0,0.1890909090909091,0.3180428134556575,0.0,104,2450,0,446,6.0,6.0
2026081413,0.0,0.0,,1.0,0.7619047619047619,0.8648648648648649,0.0,400,2475,0,125,9.0,9.0
2026081413,0.0,0.05,,1.0,0.7295238095238096,0.8436123348017621,0.0,383,2475,0,142,9.0,9.0
2026081413,0.0,0.1,,1.0,0.6895238095238095,0.8162344983089064,0.0,362,2475,0,163,9.0,9.0
2026081413,0.0,0.2,,1.0,0.6076190476190476,0.7559241706161137,0.0,319,2475,0,206,9.0,9.0
2026081413,0.25,0.0,D_SYSTEM_EXEC,1.0,0.5066666666666667,0.672566371681416,0.0,266,2475,0,259,8.0,8.0
2026081413,0.25,0.05,D_SYSTEM_EXEC,1.0,0.48,0.6486486486486487,0.0,252,2475,0,273,8.0,8.0
2026081413,0.25,0.1,D_SYSTEM_EXEC,1.0,0.44761904761904764,0.618421052631579,0.0,235,2475,0,290,8.0,8.0
2026081413,0.25,0.2,D_SYSTEM_EXEC,1.0,0.379047619047619,0.5497237569060773,0.0,199,2475,0,326,8.0,8.0
2026081413,0.5,0.0,D_SYSTEM_EXEC;D_SYSTEM_WRITE,1.0,0.259047619047619,0.4114977307110439,0.0,136,2475,0,389,7.0,7.0
2026081413,0.5,0.05,D_SYSTEM_EXEC;D_SYSTEM_WRITE,1.0,0.24571428571428572,0.3944954128440367,0.0,129,2475,0,396,7.0,7.0
2026081413,0.5,0.1,D_SYSTEM_EXEC;D_SYSTEM_WRITE,1.0,0.22666666666666666,0.3695652173913043,0.0,119,2475,0,406,7.0,7.0
2026081413,0.5,0.2,D_SYSTEM_EXEC;D_SYSTEM_WRITE,1.0,0.18476190476190477,0.31189710610932475,0.0,97,2475,0,428,7.0,7.0
2026081413,0.75,0.0,D_SECRET_READ;D_SYSTEM_EXEC;D_SYSTEM_WRITE,1.0,0.0019047619047619048,0.0038022813688212928,0.0,1,2475,0,524,6.0,6.0
2026081413,0.75,0.05,D_SECRET_READ;D_SYSTEM_EXEC;D_SYSTEM_WRITE,1.0,0.0019047619047619048,0.0038022813688212928,0.0,1,2475,0,524,6.0,6.0
2026081413,0.75,0.1,D_SECRET_READ;D_SYSTEM_EXEC;D_SYSTEM_WRITE,1.0,0.0019047619047619048,0.0038022813688212928,0.0,1,2475,0,524,6.0,6.0
2026081413,0.75,0.2,D_SECRET_READ;D_SYSTEM_EXEC;D_SYSTEM_WRITE,0.0,0.0,0.0,0.0,0,2475,0,525,6.0,6.0
2026081414,0.0,0.0,,1.0,0.7518115942028986,0.8583247156153051,0.0,415,2448,0,137,9.0,9.0
2026081414,0.0,0.05,,1.0,0.6992753623188406,0.8230277185501066,0.0,386,2448,0,166,9.0,9.0
2026081414,0.0,0.1,,1.0,0.6684782608695652,0.8013029315960912,0.0,369,2448,0,183,9.0,9.0
2026081414,0.0,0.2,,1.0,0.5960144927536232,0.7468785471055619,0.0,329,2448,0,223,9.0,9.0
2026081414,0.25,0.0,D_SECRET_READ,1.0,0.5144927536231884,0.6794258373205742,0.0,284,2448,0,268,8.0,8.0
2026081414,0.25,0.05,D_SECRET_READ,1.0,0.47644927536231885,0.645398773006135,0.0,263,2448,0,289,8.0,8.0
2026081414,0.25,0.1,D_SECRET_READ,1.0,0.4601449275362319,0.630272952853598,0.0,254,2448,0,298,8.0,8.0
2026081414,0.25,0.2,D_SECRET_READ,1.0,0.41304347826086957,0.5846153846153846,0.0,228,2448,0,324,8.0,8.0
2026081414,0.5,0.0,D_SECRET_READ;D_SYSTEM_EXEC,1.0,0.2717391304347826,0.42735042735042733,0.0,150,2448,0,402,7.0,7.0
2026081414,0.5,0.05,D_SECRET_READ;D_SYSTEM_EXEC,1.0,0.25,0.4,0.0,138,2448,0,414,7.0,7.0
2026081414,0.5,0.1,D_SECRET_READ;D_SYSTEM_EXEC,1.0,0.24456521739130435,0.3930131004366812,0.0,135,2448,0,417,7.0,7.0
2026081414,0.5,0.2,D_SECRET_READ;D_SYSTEM_EXEC,1.0,0.22282608695652173,0.36444444444444446,0.0,123,2448,0,429,7.0,7.0
2026081414,0.75,0.0,D_SECRET_READ;D_SYSTEM_EXEC;D_SYSTEM_WRITE,1.0,0.0036231884057971015,0.007220216606498195,0.0,2,2448,0,550,6.0,6.0
2026081414,0.75,0.05,D_SECRET_READ;D_SYSTEM_EXEC;D_SYSTEM_WRITE,1.0,0.0036231884057971015,0.007220216606498195,0.0,2,2448,0,550,6.0,6.0
2026081414,0.75,0.1,D_SECRET_READ;D_SYSTEM_EXEC;D_SYSTEM_WRITE,1.0,0.0036231884057971015,0.007220216606498195,0.0,2,2448,0,550,6.0,6.0
2026081414,0.75,0.2,D_SECRET_READ;D_SYSTEM_EXEC;D_SYSTEM_WRITE,1.0,0.0036231884057971015,0.007220216606498195,0.0,2,2448,0,550,6.0,6.0
2026081415,0.0,0.0,,1.0,0.7780040733197556,0.8751431844215349,0.0,382,2509,0,109,9.0,9.0
2026081415,0.0,0.05,,1.0,0.7494908350305499,0.8568102444703143,0.0,368,2509,0,123,9.0,9.0
2026081415,0.0,0.1,,1.0,0.6985743380855397,0.8225419664268585,0.0,343,2509,0,148,9.0,9.0
2026081415,0.0,0.2,,1.0,0.6191446028513238,0.7647798742138365,0.0,304,2509,0,187,9.0,9.0
2026081415,0.25,0.0,D_SECRET_READ,1.0,0.539714867617108,0.701058201058201,0.0,265,2509,0,226,8.0,8.0
2026081415,0.25,0.05,D_SECRET_READ,1.0,0.5193482688391039,0.6836461126005362,0.0,255,2509,0,236,8.0,8.0
2026081415,0.25,0.1,D_SECRET_READ,1.0,0.4969450101832994,0.6639455782312925,0.0,244,2509,0,247,8.0,8.0
2026081415,0.25,0.2,D_SECRET_READ,1.0,0.439918533604888,0.611032531824611,0.0,216,2509,0,275,8.0,8.0
2026081415,0.5,0.0,D_SECRET_READ;D_SYSTEM_EXEC,1.0,0.28105906313645623,0.43879173290937995,0.0,138,2509,0,353,7.0,7.0
2026081415,0.5,0.05,D_SECRET_READ;D_SYSTEM_EXEC,1.0,0.26883910386965376,0.42375601926163725,0.0,132,2509,0,359,7.0,7.0
2026081415,0.5,0.1,D_SECRET_READ;D_SYSTEM_EXEC,1.0,0.2525458248472505,0.4032520325203252,0.0,124,2509,0,367,7.0,7.0
2026081415,0.5,0.2,D_SECRET_READ;D_SYSTEM_EXEC,1.0,0.23014256619144602,0.3741721854304636,0.0,113,2509,0,378,7.0,7.0
2026081415,0.75,0.0,D_SCAN;D_SECRET_READ;D_SYSTEM_EXEC,1.0,0.28105906313645623,0.43879173290937995,0.0,138,2509,0,353,6.0,6.0
2026081415,0.75,0.05,D_SCAN;D_SECRET_READ;D_SYSTEM_EXEC,1.0,0.26883910386965376,0.42375601926163725,0.0,132,2509,0,359,6.0,6.0
2026081415,0.75,0.1,D_SCAN;D_SECRET_READ;D_SYSTEM_EXEC,1.0,0.2525458248472505,0.4032520325203252,0.0,124,2509,0,367,6.0,6.0
2026081415,0.75,0.2,D_SCAN;D_SECRET_READ;D_SYSTEM_EXEC,1.0,0.23014256619144602,0.3741721854304636,0.0,113,2509,0,378,6.0,6.0
2026081416,0.0,0.0,,1.0,0.7458866544789763,0.8544502617801047,0.0,408,2453,0,139,9.0,9.0
2026081416,0.0,0.05,,1.0,0.7038391224862889,0.8261802575107297,0.0,385,2453,0,162,9.0,9.0
2026081416,0.0,0.1,,1.0,0.6672760511882998,0.8004385964912281,0.0,365,2453,0,182,9.0,9.0
2026081416,0.0,0.2,,1.0,0.5868372943327239,0.7396313364055299,0.0,321,2453,0,226,9.0,9.0
2026081416,0.25,0.0,D_SECRET_READ,1.0,0.5027422303473492,0.6690997566909975,0.0,275,2453,0,272,8.0,8.0
2026081416,0.25,0.05,D_SECRET_READ,1.0,0.4716636197440585,0.6409937888198758,0.0,258,2453,0,289,8.0,8.0
2026081416,0.25,0.1,D_SECRET_READ,1.0,0.45521023765996343,0.6256281407035176,0.0,249,2453,0,298,8.0,8.0
2026081416,0.25,0.2,D_SECRET_READ,1.0,0.396709323583181,0.5680628272251309,0.0,217,2453,0,330,8.0,8.0
2026081416,0.5,0.0,D_SCAN;D_SECRET_READ,1.0,0.5027422303473492,0.6690997566909975,0.0,275,2453,0,272,7.0,7.0
2026081416,0.5,0.05,D_SCAN;D_SECRET_READ,1.0,0.4716636197440585,0.6409937888198758,0.0,258,2453,0,289,7.0,7.0
2026081416,0.5,0.1,D_SCAN;D_SECRET_READ,1.0,0.45521023765996343,0.6256281407035176,0.0,249,2453,0,298,7.0,7.0
2026081416,0.5,0.2,D_SCAN;D_SECRET_READ,1.0,0.396709323583181,0.5680628272251309,0.0,217,2453,0,330,7.0,7.0
2026081416,0.75,0.0,D_SCAN;D_SECRET_READ;D_SYSTEM_EXEC,1.0,0.25594149908592323,0.40756914119359533,0.0,140,2453,0,407,6.0,6.0
2026081416,0.75,0.05,D_SCAN;D_SECRET_READ;D_SYSTEM_EXEC,1.0,0.2413162705667276,0.38880706921944036,0.0,132,2453,0,415,6.0,6.0
2026081416,0.75,0.1,D_SCAN;D_SECRET_READ;D_SYSTEM_EXEC,1.0,0.2340036563071298,0.37925925925925924,0.0,128,2453,0,419,6.0,6.0
2026081416,0.75,0.2,D_SCAN;D_SECRET_READ;D_SYSTEM_EXEC,1.0,0.21023765996343693,0.3474320241691843,0.0,115,2453,0,432,6.0,6.0
2026081417,0.0,0.0,,1.0,0.7424511545293073,0.8521916411824668,0.0,418,2437,0,145,9.0,9.0
2026081417,0.0,0.05,,1.0,0.7033747779751333,0.8258602711157456,0.0,396,2437,0,167,9.0,9.0
2026081417,0.0,0.1,,1.0,0.6589698046181173,0.7944325481798715,0.0,371,2437,0,192,9.0,9.0
2026081417,0.0,0.2,,1.0,0.5985790408525755,0.7488888888888889,0.0,337,2437,0,226,9.0,9.0
2026081417,0.25,0.0,D_SYSTEM_EXEC,1.0,0.4866785079928952,0.6547192353643967,0.0,274,2437,0,289,8.0,8.0
2026081417,0.25,0.05,D_SYSTEM_EXEC,1.0,0.46003552397868563,0.6301703163017032,0.0,259,2437,0,304,8.0,8.0
2026081417,0.25,0.1,D_SYSTEM_EXEC,1.0,0.4422735346358792,0.6133004926108374,0.0,249,2437,0,314,8.0,8.0
2026081417,0.25,0.2,D_SYSTEM_EXEC,1.0,0.40852575488454707,0.5800756620428752,0.0,230,2437,0,333,8.0,8.0
2026081417,0.5,0.0,D_SECRET_READ;D_SYSTEM_EXEC,1.0,0.25754884547069273,0.4096045197740113,0.0,145,2437,0,418,7.0,7.0
2026081417,0.5,0.05,D_SECRET_READ;D_SYSTEM_EXEC,1.0,0.24156305506216696,0.38912732474964234,0.0,136,2437,0,427,7.0,7.0
2026081417,0.5,0.1,D_SECRET_READ;D_SYSTEM_EXEC,1.0,0.2344582593250444,0.37985611510791367,0.0,132,2437,0,431,7.0,7.0
2026081417,0.5,0.2,D_SECRET_READ;D_SYSTEM_EXEC,1.0,0.216696269982238,0.3562043795620438,0.0,122,2437,0,441,7.0,7.0
2026081417,0.75,0.0,D_SECRET_READ;D_SYSTEM_EXEC;D_SYSTEM_WRITE,1.0,0.0017761989342806395,0.0035460992907801418,0.0,1,2437,0,562,6.0,6.0
2026081417,0.75,0.05,D_SECRET_READ;D_SYSTEM_EXEC;D_SYSTEM_WRITE,1.0,0.0017761989342806395,0.0035460992907801418,0.0,1,2437,0,562,6.0,6.0
2026081417,0.75,0.1,D_SECRET_READ;D_SYSTEM_EXEC;D_SYSTEM_WRITE,1.0,0.0017761989342806395,0.0035460992907801418,0.0,1,2437,0,562,6.0,6.0
2026081417,0.75,0.2,D_SECRET_READ;D_SYSTEM_EXEC;D_SYSTEM_WRITE,1.0,0.0017761989342806395,0.0035460992907801418,0.0,1,2437,0,562,6.0,6.0
2026081418,0.0,0.0,,1.0,0.7279843444227005,0.8425821064552661,0.0,372,2489,0,139,9.0,9.0
2026081418,0.0,0.05,,1.0,0.6908023483365949,0.8171296296296297,0.0,353,2489,0,158,9.0,9.0
2026081418,0.0,0.1,,1.0,0.6614481409001957,0.7962308598351001,0.0,338,2489,0,173,9.0,9.0
2026081418,0.0,0.2,,1.0,0.5831702544031311,0.7367119901112484,0.0,298,2489,0,213,9.0,9.0
2026081418,0.25,0.0,D_SYSTEM_WRITE,1.0,0.4892367906066536,0.657030223390276,0.0,250,2489,0,261,8.0,8.0
2026081418,0.25,0.05,D_SYSTEM_WRITE,1.0,0.46966731898238745,0.6391478029294274,0.0,240,2489,0,271,8.0,8.0
2026081418,0.25,0.1,D_SYSTEM_WRITE,1.0,0.45401174168297453,0.6244952893674294,0.0,232,2489,0,279,8.0,8.0
2026081418,0.25,0.2,D_SYSTEM_WRITE,1.0,0.39921722113502933,0.5706293706293706,0.0,204,2489,0,307,8.0,8.0
2026081418,0.5,0.0,D_SECRET_READ;D_SYSTEM_WRITE,1.0,0.22309197651663404,0.3648,0.0,114,2489,0,397,7.0,7.0
2026081418,0.5,0.05,D_SECRET_READ;D_SYSTEM_WRITE,1.0,0.21135029354207435,0.34894991922455576,0.0,108,2489,0,403,7.0,7.0
2026081418,0.5,0.1,D_SECRET_READ;D_SYSTEM_WRITE,1.0,0.19960861056751467,0.33278955954323003,0.0,102,2489,0,409,7.0,7.0
2026081418,0.5,0.2,D_SECRET_READ;D_SYSTEM_WRITE,1.0,0.18003913894324852,0.30514096185737977,0.0,92,2489,0,419,7.0,7.0
2026081418,0.75,0.0,D_SECRET_READ;D_SYSTEM_EXEC;D_SYSTEM_WRITE,1.0,0.0019569471624266144,0.00390625,0.0,1,2489,0,510,6.0,6.0
2026081418,0.75,0.05,D_SECRET_READ;D_SYSTEM_EXEC;D_SYSTEM_WRITE,1.0,0.0019569471624266144,0.00390625,0.0,1,2489,0,510,6.0,6.0
2026081418,0.75,0.1,D_SECRET_READ;D_SYSTEM_EXEC;D_SYSTEM_WRITE,1.0,0.0019569471624266144,0.00390625,0.0,1,2489,0,510,6.0,6.0
2026081418,0.75,0.2,D_SECRET_READ;D_SYSTEM_EXEC;D_SYSTEM_WRITE,1.0,0.0019569471624266144,0.00390625,0.0,1,2489,0,510,6.0,6.0
2026081419,0.0,0.0,,1.0,0.756007393715342,0.8610526315789474,0.0,409,2459,0,132,9.0,9.0
2026081419,0.0,0.05,,1.0,0.7024029574861368,0.8251900108577633,0.0,380,2459,0,161,9.0,9.0
2026081419,0.0,0.1,,1.0,0.678373382624769,0.8083700440528634,0.0,367,2459,0,174,9.0,9.0
2026081419,0.0,0.2,,1.0,0.6025878003696857,0.7520184544405998,0.0,326,2459,0,215,9.0,9.0
2026081419,0.25,0.0,D_SECRET_READ,1.0,0.5175600739371534,0.682095006090134,0.0,280,2459,0,261,8.0,8.0
2026081419,0.25,0.05,D_SECRET_READ,1.0,0.48428835489833644,0.6525529265255293,0.0,262,2459,0,279,8.0,8.0
2026081419,0.25,0.1,D_SECRET_READ,1.0,0.4713493530499076,0.6407035175879398,0.0,255,2459,0,286,8.0,8.0
2026081419,0.25,0.2,D_SECRET_READ,1.0,0.4177449168207024,0.5893089960886571,0.0,226,2459,0,315,8.0,8.0
2026081419,0.5,0.0,D_SECRET_READ;D_SYSTEM_WRITE,1.0,0.25508317929759705,0.406480117820324,0.0,138,2459,0,403,7.0,7.0
2026081419,0.5,0.05,D_SECRET_READ;D_SYSTEM_WRITE,1.0,0.24399260628465805,0.3922734026745914,0.0,132,2459,0,409,7.0,7.0
2026081419,0.5,0.1,D_SECRET_READ;D_SYSTEM_WRITE,1.0,0.2365988909426987,0.38266068759342303,0.0,128,2459,0,413,7.0,7.0
2026081419,0.5,0.2,D_SECRET_READ;D_SYSTEM_WRITE,1.0,0.2033271719038817,0.3379416282642089,0.0,110,2459,0,431,7.0,7.0
2026081419,0.75,0.0,D_SECRET_READ;D_SYSTEM_EXEC;D_SYSTEM_WRITE,1.0,0.0018484288354898336,0.0036900369003690036,0.0,1,2459,0,540,6.0,6.0
2026081419,0.75,0.05,D_SECRET_READ;D_SYSTEM_EXEC;D_SYSTEM_WRITE,1.0,0.0018484288354898336,0.0036900369003690036,0.0,1,2459,0,540,6.0,6.0
2026081419,0.75,0.1,D_SECRET_READ;D_SYSTEM_EXEC;D_SYSTEM_WRITE,1.0,0.0018484288354898336,0.0036900369003690036,0.0,1,2459,0,540,6.0,6.0
2026081419,0.75,0.2,D_SECRET_READ;D_SYSTEM_EXEC;D_SYSTEM_WRITE,0.0,0.0,0.0,0.0,0,2459,0,541,6.0,6.0
2026081420,0.0,0.0,,1.0,0.7769911504424779,0.8745019920318725,0.0,439,2435,0,126,9.0,9.0
2026081420,0.0,0.05,,1.0,0.7522123893805309,0.8585858585858586,0.0,425,2435,0,140,9.0,9.0
2026081420,0.0,0.1,,1.0,0.7150442477876107,0.8338493292053664,0.0,404,2435,0,161,9.0,9.0
2026081420,0.0,0.2,,1.0,0.6407079646017699,0.7810140237324703,0.0,362,2435,0,203,9.0,9.0
2026081420,0.25,0.0,D_SYSTEM_EXEC,1.0,0.5238938053097345,0.6875725900116144,0.0,296,2435,0,269,8.0,8.0
2026081420,0.25,0.05,D_SYSTEM_EXEC,1.0,0.5061946902654867,0.6721504112808461,0.0,286,2435,0,279,8.0,8.0
2026081420,0.25,0.1,D_SYSTEM_EXEC,1.0,0.479646017699115,0.6483253588516746,0.0,271,2435,0,294,8.0,8.0
2026081420,0.25,0.2,D_SYSTEM_EXEC,1.0,0.431858407079646,0.6032138442521632,0.0,244,2435,0,321,8.0,8.0
2026081420,0.5,0.0,D_SYSTEM_EXEC;D_SYSTEM_WRITE,1.0,0.24778761061946902,0.3971631205673759,0.0,140,2435,0,425,7.0,7.0
2026081420,0.5,0.05,D_SYSTEM_EXEC;D_SYSTEM_WRITE,1.0,0.23716814159292035,0.3834048640915594,0.0,134,2435,0,431,7.0,7.0
2026081420,0.5,0.1,D_SYSTEM_EXEC;D_SYSTEM_WRITE,1.0,0.21946902654867256,0.3599419448476052,0.0,124,2435,0,441,7.0,7.0
2026081420,0.5,0.2,D_SYSTEM_EXEC;D_SYSTEM_WRITE,1.0,0.2,0.3333333333333333,0.0,113,2435,0,452,7.0,7.0
2026081420,0.75,0.0,D_SCAN;D_SYSTEM_EXEC;D_SYSTEM_WRITE,1.0,0.24601769911504426,0.39488636363636365,0.0,139,2435,0,426,6.0,6.0
2026081420,0.75,0.05,D_SCAN;D_SYSTEM_EXEC;D_SYSTEM_WRITE,1.0,0.23539823008849559,0.38108882521489973,0.0,133,2435,0,432,6.0,6.0
2026081420,0.75,0.1,D_SCAN;D_SYSTEM_EXEC;D_SYSTEM_WRITE,1.0,0.2176991150442478,0.35755813953488375,0.0,123,2435,0,442,6.0,6.0
2026081420,0.75,0.2,D_SCAN;D_SYSTEM_EXEC;D_SYSTEM_WRITE,1.0,0.19823008849557522,0.3308714918759232,0.0,112,2435,0,453,6.0,6.0
2026081421,0.0,0.0,,1.0,0.7779783393501805,0.8751269035532995,0.0,431,2446,0,123,9.0,9.0
2026081421,0.0,0.05,,1.0,0.740072202166065,0.8506224066390041,0.0,410,2446,0,144,9.0,9.0
2026081421,0.0,0.1,,1.0,0.703971119133574,0.826271186440678,0.0,390,2446,0,164,9.0,9.0
2026081421,0.0,0.2,,1.0,0.6299638989169675,0.7729789590254706,0.0,349,2446,0,205,9.0,9.0
2026081421,0.25,0.0,D_SCAN,1.0,0.776173285198556,0.8739837398373984,0.0,430,2446,0,124,8.0,8.0
2026081421,0.25,0.05,D_SCAN,1.0,0.740072202166065,0.8506224066390041,0.0,410,2446,0,144,8.0,8.0
2026081421,0.25,0.1,D_SCAN,1.0,0.703971119133574,0.826271186440678,0.0,390,2446,0,164,8.0,8.0
2026081421,0.25,0.2,D_SCAN,1.0,0.6299638989169675,0.7729789590254706,0.0,349,2446,0,205,8.0,8.0
2026081421,0.5,0.0,D_SCAN;D_SYSTEM_EXEC,1.0,0.5126353790613718,0.6778042959427207,0.0,284,2446,0,270,7.0,7.0
2026081421,0.5,0.05,D_SCAN;D_SYSTEM_EXEC,1.0,0.48194945848375453,0.6504263093788063,0.0,267,2446,0,287,7.0,7.0
2026081421,0.5,0.1,D_SCAN;D_SYSTEM_EXEC,1.0,0.4602888086642599,0.630407911001236,0.0,255,2446,0,299,7.0,7.0
2026081421,0.5,0.2,D_SCAN;D_SYSTEM_EXEC,1.0,0.40974729241877256,0.5813060179257362,0.0,227,2446,0,327,7.0,7.0
2026081421,0.75,0.0,D_SCAN;D_SECRET_READ;D_SYSTEM_EXEC,1.0,0.2527075812274368,0.4034582132564842,0.0,140,2446,0,414,6.0,6.0
2026081421,0.75,0.05,D_SCAN;D_SECRET_READ;D_SYSTEM_EXEC,1.0,0.23465703971119134,0.38011695906432746,0.0,130,2446,0,424,6.0,6.0
2026081421,0.75,0.1,D_SCAN;D_SECRET_READ;D_SYSTEM_EXEC,1.0,0.22021660649819494,0.3609467455621302,0.0,122,2446,0,432,6.0,6.0
2026081421,0.75,0.2,D_SCAN;D_SECRET_READ;D_SYSTEM_EXEC,1.0,0.19494584837545126,0.32628398791540786,0.0,108,2446,0,446,6.0,6.0
2026081422,0.0,0.0,,1.0,0.7697841726618705,0.8699186991869918,0.0,428,2444,0,128,9.0,9.0
2026081422,0.0,0.05,,1.0,0.7230215827338129,0.8392484342379958,0.0,402,2444,0,154,9.0,9.0
2026081422,0.0,0.1,,1.0,0.6816546762589928,0.8106951871657754,0.0,379,2444,0,177,9.0,9.0
2026081422,0.0,0.2,,1.0,0.6025179856115108,0.7519640852974186,0.0,335,2444,0,221,9.0,9.0
2026081422,0.25,0.0,D_SECRET_READ,1.0,0.49640287769784175,0.6634615384615384,0.0,276,2444,0,280,8.0,8.0
2026081422,0.25,0.05,D_SECRET_READ,1.0,0.4694244604316547,0.6389228886168911,0.0,261,2444,0,295,8.0,8.0
2026081422,0.25,0.1,D_SECRET_READ,1.0,0.44064748201438847,0.6117353308364545,0.0,245,2444,0,311,8.0,8.0
2026081422,0.25,0.2,D_SECRET_READ,1.0,0.38848920863309355,0.5595854922279793,0.0,216,2444,0,340,8.0,8.0
2026081422,0.5,0.0,D_SCAN;D_SECRET_READ,1.0,0.49280575539568344,0.6602409638554216,0.0,274,2444,0,282,7.0,7.0
2026081422,0.5,0.05,D_SCAN;D_SECRET_READ,1.0,0.4676258992805755,0.6372549019607843,0.0,260,2444,0,296,7.0,7.0
2026081422,0.5,0.1,D_SCAN;D_SECRET_READ,1.0,0.43884892086330934,0.61,0.0,244,2444,0,312,7.0,7.0
2026081422,0.5,0.2,D_SCAN;D_SECRET_READ,1.0,0.38669064748201437,0.5577172503242542,0.0,215,2444,0,341,7.0,7.0
2026081422,0.75,0.0,D_SCAN;D_SECRET_READ;D_SYSTEM_EXEC,1.0,0.24280575539568344,0.3907380607814761,0.0,135,2444,0,421,6.0,6.0
2026081422,0.75,0.05,D_SCAN;D_SECRET_READ;D_SYSTEM_EXEC,1.0,0.22841726618705036,0.3718887262079063,0.0,127,2444,0,429,6.0,6.0
2026081422,0.75,0.1,D_SCAN;D_SECRET_READ;D_SYSTEM_EXEC,1.0,0.21402877697841727,0.35259259259259257,0.0,119,2444,0,437,6.0,6.0
2026081422,0.75,0.2,D_SCAN;D_SECRET_READ;D_SYSTEM_EXEC,1.0,0.18525179856115107,0.3125948406676783,0.0,103,2444,0,453,6.0,6.0
2026081423,0.0,0.0,,1.0,0.7757936507936508,0.8737430167597765,0.0,391,2496,0,113,9.0,9.0
2026081423,0.0,0.05,,1.0,0.7202380952380952,0.8373702422145328,0.0,363,2496,0,141,9.0,9.0
2026081423,0.0,0.1,,1.0,0.6765873015873016,0.8071005917159764,0.0,341,2496,0,163,9.0,9.0
2026081423,0.0,0.2,,1.0,0.5972222222222222,0.7478260869565218,0.0,301,2496,0,203,9.0,9.0
2026081423,0.25,0.0,D_SYSTEM_EXEC,1.0,0.5238095238095238,0.6875,0.0,264,2496,0,240,8.0,8.0
2026081423,0.25,0.05,D_SYSTEM_EXEC,1.0,0.4880952380952381,0.656,0.0,246,2496,0,258,8.0,8.0
2026081423,0.25,0.1,D_SYSTEM_EXEC,1.0,0.4603174603174603,0.6304347826086957,0.0,232,2496,0,272,8.0,8.0
2026081423,0.25,0.2,D_SYSTEM_EXEC,1.0,0.4087301587301587,0.5802816901408451,0.0,206,2496,0,298,8.0,8.0
2026081423,0.5,0.0,D_SECRET_READ;D_SYSTEM_EXEC,1.0,0.25992063492063494,0.4125984251968504,0.0,131,2496,0,373,7.0,7.0
2026081423,0.5,0.05,D_SECRET_READ;D_SYSTEM_EXEC,1.0,0.24404761904761904,0.3923444976076555,0.0,123,2496,0,381,7.0,7.0
2026081423,0.5,0.1,D_SECRET_READ;D_SYSTEM_EXEC,1.0,0.23214285714285715,0.37681159420289856,0.0,117,2496,0,387,7.0,7.0
2026081423,0.5,0.2,D_SECRET_READ;D_SYSTEM_EXEC,1.0,0.19642857142857142,0.3283582089552239,0.0,99,2496,0,405,7.0,7.0
2026081423,0.75,0.0,D_SCAN;D_SECRET_READ;D_SYSTEM_EXEC,1.0,0.25793650793650796,0.41009463722397477,0.0,130,2496,0,374,6.0,6.0
2026081423,0.75,0.05,D_SCAN;D_SECRET_READ;D_SYSTEM_EXEC,1.0,0.24206349206349206,0.38977635782747605,0.0,122,2496,0,382,6.0,6.0
2026081423,0.75,0.1,D_SCAN;D_SECRET_READ;D_SYSTEM_EXEC,1.0,0.23015873015873015,0.3741935483870968,0.0,116,2496,0,388,6.0,6.0
2026081423,0.75,0.2,D_SCAN;D_SECRET_READ;D_SYSTEM_EXEC,1.0,0.19444444444444445,0.32558139534883723,0.0,98,2496,0,406,6.0,6.0
2026081424,0.0,0.0,,1.0,0.7491039426523297,0.8565573770491803,0.0,418,2442,0,140,9.0,9.0
2026081424,0.0,0.05,,1.0,0.7096774193548387,0.8301886792452831,0.0,396,2442,0,162,9.0,9.0
2026081424,0.0,0.1,,1.0,0.6702508960573477,0.8025751072961373,0.0,374,2442,0,184,9.0,9.0
2026081424,0.0,0.2,,1.0,0.589605734767025,0.741826381059752,0.0,329,2442,0,229,9.0,9.0
2026081424,0.25,0.0,D_SYSTEM_WRITE,1.0,0.5161290322580645,0.6808510638297872,0.0,288,2442,0,270,8.0,8.0
2026081424,0.25,0.05,D_SYSTEM_WRITE,1.0,0.482078853046595,0.6505441354292624,0.0,269,2442,0,289,8.0,8.0
2026081424,0.25,0.1,D_SYSTEM_WRITE,1.0,0.45340501792114696,0.623921085080148,0.0,253,2442,0,305,8.0,8.0
2026081424,0.25,0.2,D_SYSTEM_WRITE,1.0,0.4014336917562724,0.5728900255754475,0.0,224,2442,0,334,8.0,8.0
2026081424,0.5,0.0,D_SECRET_READ;D_SYSTEM_WRITE,1.0,0.25268817204301075,0.4034334763948498,0.0,141,2442,0,417,7.0,7.0
2026081424,0.5,0.05,D_SECRET_READ;D_SYSTEM_WRITE,1.0,0.22939068100358423,0.37317784256559766,0.0,128,2442,0,430,7.0,7.0
2026081424,0.5,0.1,D_SECRET_READ;D_SYSTEM_WRITE,1.0,0.22043010752688172,0.36123348017621143,0.0,123,2442,0,435,7.0,7.0
2026081424,0.5,0.2,D_SECRET_READ;D_SYSTEM_WRITE,1.0,0.20430107526881722,0.3392857142857143,0.0,114,2442,0,444,7.0,7.0
2026081424,0.75,0.0,D_SCAN;D_SECRET_READ;D_SYSTEM_WRITE,1.0,0.25268817204301075,0.4034334763948498,0.0,141,2442,0,417,6.0,6.0
2026081424,0.75,0.05,D_SCAN;D_SECRET_READ;D_SYSTEM_WRITE,1.0,0.22939068100358423,0.37317784256559766,0.0,128,2442,0,430,6.0,6.0
2026081424,0.75,0.1,D_SCAN;D_SECRET_READ;D_SYSTEM_WRITE,1.0,0.22043010752688172,0.36123348017621143,0.0,123,2442,0,435,6.0,6.0
2026081424,0.75,0.2,D_SCAN;D_SECRET_READ;D_SYSTEM_WRITE,1.0,0.20430107526881722,0.3392857142857143,0.0,114,2442,0,444,6.0,6.0
2026081425,0.0,0.0,,1.0,0.7538994800693241,0.8596837944664032,0.0,435,2423,0,142,9.0,9.0
2026081425,0.0,0.05,,1.0,0.707105719237435,0.8284263959390863,0.0,408,2423,0,169,9.0,9.0
2026081425,0.0,0.1,,1.0,0.6551126516464472,0.7916230366492146,0.0,378,2423,0,199,9.0,9.0
2026081425,0.0,0.2,,1.0,0.5788561525129983,0.7332601536772777,0.0,334,2423,0,243,9.0,9.0
2026081425,0.25,0.0,D_SCAN,1.0,0.7538994800693241,0.8596837944664032,0.0,435,2423,0,142,8.0,8.0
2026081425,0.25,0.05,D_SCAN,1.0,0.707105719237435,0.8284263959390863,0.0,408,2423,0,169,8.0,8.0
2026081425,0.25,0.1,D_SCAN,1.0,0.6551126516464472,0.7916230366492146,0.0,378,2423,0,199,8.0,8.0
2026081425,0.25,0.2,D_SCAN,1.0,0.5788561525129983,0.7332601536772777,0.0,334,2423,0,243,8.0,8.0
2026081425,0.5,0.0,D_SCAN;D_SYSTEM_WRITE,1.0,0.49220103986135183,0.6596980255516841,0.0,284,2423,0,293,7.0,7.0
2026081425,0.5,0.05,D_SCAN;D_SYSTEM_WRITE,1.0,0.4662045060658579,0.6359338061465721,0.0,269,2423,0,308,7.0,7.0
2026081425,0.5,0.1,D_SCAN;D_SYSTEM_WRITE,1.0,0.43674176776429807,0.6079613992762364,0.0,252,2423,0,325,7.0,7.0
2026081425,0.5,0.2,D_SCAN;D_SYSTEM_WRITE,1.0,0.3934142114384749,0.5646766169154229,0.0,227,2423,0,350,7.0,7.0
2026081425,0.75,0.0,D_SCAN;D_SECRET_READ;D_SYSTEM_WRITE,1.0,0.2322357019064125,0.3769338959212377,0.0,134,2423,0,443,6.0,6.0
2026081425,0.75,0.05,D_SCAN;D_SECRET_READ;D_SYSTEM_WRITE,1.0,0.21837088388214904,0.3584637268847795,0.0,126,2423,0,451,6.0,6.0
2026081425,0.75,0.1,D_SCAN;D_SECRET_READ;D_SYSTEM_WRITE,1.0,0.2045060658578856,0.339568345323741,0.0,118,2423,0,459,6.0,6.0
2026081425,0.75,0.2,D_SCAN;D_SECRET_READ;D_SYSTEM_WRITE,1.0,0.17677642980935876,0.3004418262150221,0.0,102,2423,0,475,6.0,6.0
2026081426,0.0,0.0,,1.0,0.7161172161172161,0.8345784418356457,0.0,391,2454,0,155,9.0,9.0
2026081426,0.0,0.05,,1.0,0.663003663003663,0.7973568281938326,0.0,362,2454,0,184,9.0,9.0
2026081426,0.0,0.1,,1.0,0.6263736263736264,0.7702702702702703,0.0,342,2454,0,204,9.0,9.0
2026081426,0.0,0.2,,1.0,0.5622710622710623,0.7198124267291911,0.0,307,2454,0,239,9.0,9.0
2026081426,0.25,0.0,D_SYSTEM_EXEC,1.0,0.47985347985347987,0.6485148514851485,0.0,262,2454,0,284,8.0,8.0
2026081426,0.25,0.05,D_SYSTEM_EXEC,1.0,0.4432234432234432,0.6142131979695431,0.0,242,2454,0,304,8.0,8.0
2026081426,0.25,0.1,D_SYSTEM_EXEC,1.0,0.4175824175824176,0.5891472868217055,0.0,228,2454,0,318,8.0,8.0
2026081426,0.25,0.2,D_SYSTEM_EXEC,1.0,0.38461538461538464,0.5555555555555556,0.0,210,2454,0,336,8.0,8.0
2026081426,0.5,0.0,D_SCAN;D_SYSTEM_EXEC,1.0,0.4706959706959707,0.6400996264009963,0.0,257,2454,0,289,7.0,7.0
2026081426,0.5,0.05,D_SCAN;D_SYSTEM_EXEC,1.0,0.43956043956043955,0.6106870229007634,0.0,240,2454,0,306,7.0,7.0
2026081426,0.5,0.1,D_SCAN;D_SYSTEM_EXEC,1.0,0.4139194139194139,0.5854922279792746,0.0,226,2454,0,320,7.0,7.0
2026081426,0.5,0.2,D_SCAN;D_SYSTEM_EXEC,1.0,0.38278388278388276,0.5536423841059602,0.0,209,2454,0,337,7.0,7.0
2026081426,0.75,0.0,D_SCAN;D_SYSTEM_EXEC;D_SYSTEM_WRITE,1.0,0.2326007326007326,0.3774145616641902,0.0,127,2454,0,419,6.0,6.0
2026081426,0.75,0.05,D_SCAN;D_SYSTEM_EXEC;D_SYSTEM_WRITE,1.0,0.21428571428571427,0.35294117647058826,0.0,117,2454,0,429,6.0,6.0
2026081426,0.75,0.1,D_SCAN;D_SYSTEM_EXEC;D_SYSTEM_WRITE,1.0,0.20512820512820512,0.3404255319148936,0.0,112,2454,0,434,6.0,6.0
2026081426,0.75,0.2,D_SCAN;D_SYSTEM_EXEC;D_SYSTEM_WRITE,1.0,0.18864468864468864,0.31741140215716485,0.0,103,2454,0,443,6.0,6.0
2026081427,0.0,0.0,,1.0,0.7323943661971831,0.8455284552845529,0.0,364,2503,0,133,9.0,9.0
2026081427,0.0,0.05,,1.0,0.704225352112676,0.8264462809917356,0.0,350,2503,0,147,9.0,9.0
2026081427,0.0,0.1,,1.0,0.6519114688128773,0.7892813641900122,0.0,324,2503,0,173,9.0,9.0
2026081427,0.0,0.2,,1.0,0.5653923541247485,0.7223650385604113,0.0,281,2503,0,216,9.0,9.0
2026081427,0.25,0.0,D_SECRET_READ,1.0,0.49295774647887325,0.660377358490566,0.0,245,2503,0,252,8.0,8.0
2026081427,0.25,0.05,D_SECRET_READ,1.0,0.4768611670020121,0.6457765667574932,0.0,237,2503,0,260,8.0,8.0
2026081427,0.25,0.1,D_SECRET_READ,1.0,0.4346076458752515,0.605890603085554,0.0,216,2503,0,281,8.0,8.0
2026081427,0.25,0.2,D_SECRET_READ,1.0,0.3722334004024145,0.5425219941348973,0.0,185,2503,0,312,8.0,8.0
2026081427,0.5,0.0,D_SECRET_READ;D_SYSTEM_EXEC,1.0,0.24748490945674045,0.3967741935483871,0.0,123,2503,0,374,7.0,7.0
2026081427,0.5,0.05,D_SECRET_READ;D_SYSTEM_EXEC,1.0,0.23943661971830985,0.38636363636363635,0.0,119,2503,0,378,7.0,7.0
2026081427,0.5,0.1,D_SECRET_READ;D_SYSTEM_EXEC,1.0,0.2193158953722334,0.35973597359735976,0.0,109,2503,0,388,7.0,7.0
2026081427,0.5,0.2,D_SECRET_READ;D_SYSTEM_EXEC,1.0,0.19517102615694165,0.3265993265993266,0.0,97,2503,0,400,7.0,7.0
2026081427,0.75,0.0,D_SECRET_READ;D_SYSTEM_EXEC;D_SYSTEM_WRITE,0.0,0.0,0.0,0.0,0,2503,0,497,6.0,6.0
2026081427,0.75,0.05,D_SECRET_READ;D_SYSTEM_EXEC;D_SYSTEM_WRITE,0.0,0.0,0.0,0.0,0,2503,0,497,6.0,6.0
2026081427,0.75,0.1,D_SECRET_READ;D_SYSTEM_EXEC;D_SYSTEM_WRITE,0.0,0.0,0.0,0.0,0,2503,0,497,6.0,6.0
2026081427,0.75,0.2,D_SECRET_READ;D_SYSTEM_EXEC;D_SYSTEM_WRITE,0.0,0.0,0.0,0.0,0,2503,0,497,6.0,6.0
2026081428,0.0,0.0,,1.0,0.7481060606060606,0.8559046587215602,0.0,395,2472,0,133,9.0,9.0
2026081428,0.0,0.05,,1.0,0.7196969696969697,0.8370044052863436,0.0,380,2472,0,148,9.0,9.0
2026081428,0.0,0.1,,1.0,0.6818181818181818,0.8108108108108109,0.0,360,2472,0,168,9.0,9.0
2026081428,0.0,0.2,,1.0,0.625,0.7692307692307693,0.0,330,2472,0,198,9.0,9.0
2026081428,0.25,0.0,D_SYSTEM_EXEC,1.0,0.49053030303030304,0.6581956797966964,0.0,259,2472,0,269,8.0,8.0
2026081428,0.25,0.05,D_SYSTEM_EXEC,1.0,0.4696969696969697,0.6391752577319587,0.0,248,2472,0,280,8.0,8.0
2026081428,0.25,0.1,D_SYSTEM_EXEC,1.0,0.44507575757575757,0.6159895150720839,0.0,235,2472,0,293,8.0,8.0
2026081428,0.25,0.2,D_SYSTEM_EXEC,1.0,0.4128787878787879,0.5844504021447721,0.0,218,2472,0,310,8.0,8.0
2026081428,0.5,0.0,D_SCAN;D_SYSTEM_EXEC,1.0,0.48863636363636365,0.6564885496183206,0.0,258,2472,0,270,7.0,7.0
2026081428,0.5,0.05,D_SCAN;D_SYSTEM_EXEC,1.0,0.4678030303030303,0.6374193548387097,0.0,247,2472,0,281,7.0,7.0
2026081428,0.5,0.1,D_SCAN;D_SYSTEM_EXEC,1.0,0.4431818181818182,0.6141732283464567,0.0,234,2472,0,294,7.0,7.0
2026081428,0.5,0.2,D_SCAN;D_SYSTEM_EXEC,1.0,0.4109848484848485,0.5825503355704698,0.0,217,2472,0,311,7.0,7.0
2026081428,0.75,0.0,D_SCAN;D_SECRET_READ;D_SYSTEM_EXEC,1.0,0.2481060606060606,0.3975720789074355,0.0,131,2472,0,397,6.0,6.0
2026081428,0.75,0.05,D_SCAN;D_SECRET_READ;D_SYSTEM_EXEC,1.0,0.24053030303030304,0.38778625954198476,0.0,127,2472,0,401,6.0,6.0
2026081428,0.75,0.1,D_SCAN;D_SECRET_READ;D_SYSTEM_EXEC,1.0,0.22537878787878787,0.3678516228748068,0.0,119,2472,0,409,6.0,6.0
2026081428,0.75,0.2,D_SCAN;D_SECRET_READ;D_SYSTEM_EXEC,1.0,0.20833333333333334,0.3448275862068966,0.0,110,2472,0,418,6.0,6.0
2026081429,0.0,0.0,,1.0,0.770197486535009,0.8701825557809331,0.0,429,2443,0,128,9.0,9.0
2026081429,0.0,0.05,,1.0,0.7342908438061041,0.8467908902691511,0.0,409,2443,0,148,9.0,9.0
2026081429,0.0,0.1,,1.0,0.7109515260323159,0.8310598111227702,0.0,396,2443,0,161,9.0,9.0
2026081429,0.0,0.2,,1.0,0.6104129263913824,0.758082497212932,0.0,340,2443,0,217,9.0,9.0
2026081429,0.25,0.0,D_SECRET_READ,1.0,0.5080789946140036,0.6738095238095239,0.0,283,2443,0,274,8.0,8.0
2026081429,0.25,0.05,D_SECRET_READ,1.0,0.48114901256732495,0.6496969696969697,0.0,268,2443,0,289,8.0,8.0
2026081429,0.25,0.1,D_SECRET_READ,1.0,0.466786355475763,0.6364749082007344,0.0,260,2443,0,297,8.0,8.0
2026081429,0.25,0.2,D_SECRET_READ,1.0,0.40574506283662476,0.5772669220945083,0.0,226,2443,0,331,8.0,8.0
2026081429,0.5,0.0,D_SCAN;D_SECRET_READ,1.0,0.5080789946140036,0.6738095238095239,0.0,283,2443,0,274,7.0,7.0
2026081429,0.5,0.05,D_SCAN;D_SECRET_READ,1.0,0.48114901256732495,0.6496969696969697,0.0,268,2443,0,289,7.0,7.0
2026081429,0.5,0.1,D_SCAN;D_SECRET_READ,1.0,0.466786355475763,0.6364749082007344,0.0,260,2443,0,297,7.0,7.0
2026081429,0.5,0.2,D_SCAN;D_SECRET_READ,1.0,0.40574506283662476,0.5772669220945083,0.0,226,2443,0,331,7.0,7.0
2026081429,0.75,0.0,D_SCAN;D_SECRET_READ;D_SYSTEM_WRITE,1.0,0.2495511669658887,0.3994252873563218,0.0,139,2443,0,418,6.0,6.0
2026081429,0.75,0.05,D_SCAN;D_SECRET_READ;D_SYSTEM_WRITE,1.0,0.236983842010772,0.38316400580551524,0.0,132,2443,0,425,6.0,6.0
2026081429,0.75,0.1,D_SCAN;D_SECRET_READ;D_SYSTEM_WRITE,1.0,0.23159784560143626,0.3760932944606414,0.0,129,2443,0,428,6.0,6.0
2026081429,0.75,0.2,D_SCAN;D_SECRET_READ;D_SYSTEM_WRITE,1.0,0.20107719928186715,0.33482810164424515,0.0,112,2443,0,445,6.0,6.0
2026081430,0.0,0.0,,1.0,0.7676579925650557,0.868559411146162,0.0,413,2462,0,125,9.0,9.0
2026081430,0.0,0.05,,1.0,0.7342007434944238,0.8467309753483387,0.0,395,2462,0,143,9.0,9.0
2026081430,0.0,0.1,,1.0,0.6840148698884758,0.8123620309050773,0.0,368,2462,0,170,9.0,9.0
2026081430,0.0,0.2,,1.0,0.5947955390334573,0.745920745920746,0.0,320,2462,0,218,9.0,9.0
2026081430,0.25,0.0,D_SYSTEM_EXEC,1.0,0.5260223048327137,0.6894031668696712,0.0,283,2462,0,255,8.0,8.0
2026081430,0.25,0.05,D_SYSTEM_EXEC,1.0,0.5055762081784386,0.671604938271605,0.0,272,2462,0,266,8.0,8.0
2026081430,0.25,0.1,D_SYSTEM_EXEC,1.0,0.4739776951672863,0.6431273644388399,0.0,255,2462,0,283,8.0,8.0
2026081430,0.25,0.2,D_SYSTEM_EXEC,1.0,0.41821561338289964,0.5897771952817824,0.0,225,2462,0,313,8.0,8.0
2026081430,0.5,0.0,D_SCAN;D_SYSTEM_EXEC,1.0,0.5260223048327137,0.6894031668696712,0.0,283,2462,0,255,7.0,7.0
2026081430,0.5,0.05,D_SCAN;D_SYSTEM_EXEC,1.0,0.5055762081784386,0.671604938271605,0.0,272,2462,0,266,7.0,7.0
2026081430,0.5,0.1,D_SCAN;D_SYSTEM_EXEC,1.0,0.4739776951672863,0.6431273644388399,0.0,255,2462,0,283,7.0,7.0
2026081430,0.5,0.2,D_SCAN;D_SYSTEM_EXEC,1.0,0.41821561338289964,0.5897771952817824,0.0,225,2462,0,313,7.0,7.0
2026081430,0.75,0.0,D_SCAN;D_SYSTEM_EXEC;D_SYSTEM_WRITE,1.0,0.2825278810408922,0.4405797101449275,0.0,152,2462,0,386,6.0,6.0
2026081430,0.75,0.05,D_SCAN;D_SYSTEM_EXEC;D_SYSTEM_WRITE,1.0,0.26765799256505574,0.4222873900293255,0.0,144,2462,0,394,6.0,6.0
2026081430,0.75,0.1,D_SCAN;D_SYSTEM_EXEC;D_SYSTEM_WRITE,1.0,0.24349442379182157,0.39162929745889385,0.0,131,2462,0,407,6.0,6.0
2026081430,0.75,0.2,D_SCAN;D_SYSTEM_EXEC;D_SYSTEM_WRITE,1.0,0.2137546468401487,0.35222052067381315,0.0,115,2462,0,423,6.0,6.0
