case,seed,event_index,event_id,scenario,truth,target_class,n_units,intrinsic_core_size,intrinsic_checks,intrinsic_us,shap_us,shap_sufficient_k,shap_jaccard_with_core,lime_us,lime_sufficient_k,lime_jaccard_with_core,lime_score,core
0,2026081401,96,efa466b6-8275-bed8-dd96-80e90bbb85a3,admin_probe,1,Violation,6,2,50,728.543,5910.589,2,1.0,,,,,e:4;r:D_ADMIN
1,2026081401,147,4abf15aa-b546-205e-34ea-b37e5fab3f2e,admin_probe,1,Violation,6,2,50,798.509,4482.806,2,1.0,,,,,e:4;r:D_ADMIN
2,2026081401,150,1732973c-780b-bb19-f8b7-41bcf765d380,admin_probe,1,Violation,6,2,50,711.153,3969.177,2,1.0,,,,,e:4;r:D_ADMIN
3,2026081401,173,eeae489b-d013-75ae-3c72-9746820e6a18,admin_probe,1,Violation,6,2,50,670.428,3927.629,2,1.0,,,,,e:4;r:D_ADMIN
4,2026081401,180,2974cf63-4211-bb12-0857-fdd03f23683b,admin_probe,1,Violation,6,2,50,693.925,3947.15,2,1.0,,,,,e:4;r:D_ADMIN
5,2026081401,250,96702d7e-ba00-479d-ff7d-7ceb65d87dcb,admin_probe,1,Violation,6,2,50,787.688,4087.528,2,1.0,,,,,e:4;r:D_ADMIN
6,2026081401,261,303a2b29-4eba-ddb4-bf47-80784f6faddf,admin_probe,1,Violation,6,2,50,630.854,4141.766,2,1.0,,,,,e:4;r:D_ADMIN
7,2026081401,295,c0e00bf8-6c0c-c482-1c11-fc94e29e1f4d,admin_probe,1,Violation,6,2,50,820.207,4198.171,2,1.0,,,,,e:4;r:D_ADMIN
8,2026081402,10,8fe5e8ae-24f1-4586-1803-878b0fc44f03,admin_probe,1,Violation,6,2,50,830.697,3998.845,2,1.0,,,,,e:4;r:D_ADMIN
9,2026081402,75,1a267490-5a98-d743-ef25-bf77fdf62acf,admin_probe,1,Violation,6,2,50,698.075,4376.947,2,1.0,,,,,e:4;r:D_ADMIN
10,2026081402,122,2b72eb93-cae7-e922-eed5-a9bece2efb93,admin_probe,1,Violation,6,2,50,633.129,4115.088,2,1.0,,,,,e:4;r:D_ADMIN
11,2026081403,61,84f60aef-5bbe-f906-2735-bb79f2a9f4b3,admin_probe,1,Violation,6,2,50,653.01,3969.541,2,1.0,,,,,e:4;r:D_ADMIN
12,2026081403,75,668375b1-0de7-5ded-ed62-bc785d313459,admin_probe,1,Violation,6,2,50,593.265,4254.148,2,1.0,,,,,e:4;r:D_ADMIN
13,2026081403,107,25b0bb24-c7d1-e7bd-516e-fdca5abb71aa,admin_probe,1,Violation,6,2,50,674.632,4059.531,2,1.0,,,,,e:4;r:D_ADMIN
14,2026081403,229,9b102562-446c-7e51-93f7-1cf34d3e23d7,admin_probe,1,Violation,6,2,50,693.265,3970.375,2,1.0,,,,,e:4;r:D_ADMIN
15,2026081404,36,15839658-5a67-4088-08f9-ec10898d1649,admin_probe,1,Violation,6,2,50,715.42,3949.975,2,1.0,,,,,e:4;r:D_ADMIN
16,2026081404,258,9337e181-7198-5e4a-2592-06e1459b5359,admin_probe,1,Violation,6,2,50,711.737,3925.77,2,1.0,,,,,e:4;r:D_ADMIN
17,2026081404,266,836707c4-0caf-8b55-d583-04e92fb911df,admin_probe,1,Violation,6,2,50,662.921,3871.167,2,1.0,,,,,e:4;r:D_ADMIN
18,2026081405,7,0171384d-3d31-13f3-cea1-f5e1f447d1d0,admin_probe,1,Violation,6,2,50,685.062,3911.12,2,1.0,,,,,e:4;r:D_ADMIN
19,2026081405,85,4daf5e08-da38-8955-4df0-0f71486a07c9,admin_probe,1,Violation,6,2,50,723.824,4258.449,2,1.0,,,,,e:4;r:D_ADMIN
20,2026081405,140,da9a8977-c317-5b93-914e-320773baf008,admin_probe,1,Violation,6,2,50,619.063,5486.924,2,1.0,,,,,e:4;r:D_ADMIN
21,2026081405,174,4b93889a-7451-0164-4c36-e5a8ced39a4e,admin_probe,1,Violation,6,2,50,734.47,3879.527,2,1.0,,,,,e:4;r:D_ADMIN
22,2026081405,220,8a1f190e-225c-6b23-4509-b30e53127e1c,admin_probe,1,Violation,6,2,50,647.425,4183.662,2,1.0,,,,,e:4;r:D_ADMIN
23,2026081405,242,062dc8ce-3dcb-df60-4495-71b3b5a95f29,admin_probe,1,Violation,6,2,50,602.239,4117.622,2,1.0,,,,,e:4;r:D_ADMIN
24,2026081405,262,95d64477-0bf3-08e4-b2c1-477736f82ab0,admin_probe,1,Violation,6,2,50,606.976,3819.195,2,1.0,,,,,e:4;r:D_ADMIN
25,2026081401,8,534e86a7-d1e2-4457-407a-3d18f5c1b5d3,bruteforce,1,Violation,7,5,20,364.49,6003.786,5,1.0,,,,,e:1;e:2;e:3;e:4;r:D_BRUTEFORCE
26,2026081401,9,26675da2-9ca6-1bf6-4dd3-769bfed7d996,bruteforce,1,Violation,7,5,20,510.579,6207.662,5,1.0,,,,,e:1;e:2;e:3;e:4;r:D_BRUTEFORCE
27,2026081401,20,7bd087cd-8ca1-06f2-7def-f019f0ebefa9,bruteforce,1,Violation,7,5,20,440.723,6246.961,5,1.0,,,,,e:1;e:2;e:3;e:4;r:D_BRUTEFORCE
28,2026081401,21,bf4c3538-69d4-cb08-12d1-c231daf6322b,bruteforce,1,Violation,7,5,20,413.595,6322.212,5,1.0,,,,,e:1;e:2;e:3;e:4;r:D_BRUTEFORCE
29,2026081401,30,0e0c304d-2201-66b4-1062-c6bf3593b95b,bruteforce,1,Violation,7,5,20,482.052,6025.822,5,1.0,,,,,e:1;e:2;e:3;e:4;r:D_BRUTEFORCE
30,2026081401,31,def99d98-3812-826d-cd88-5ced11767c33,bruteforce,1,Violation,7,5,20,327.424,6493.298,5,1.0,,,,,e:1;e:2;e:3;e:4;r:D_BRUTEFORCE
31,2026081401,44,8aadced6-82f8-8e59-35a6-7e13792c4a36,bruteforce,1,Violation,7,5,20,393.276,6191.188,5,1.0,,,,,e:1;e:2;e:3;e:4;r:D_BRUTEFORCE
32,2026081401,45,4544a2ef-bdfb-14d3-f793-b3010db02eed,bruteforce,1,Violation,7,5,20,436.318,5920.298,5,1.0,,,,,e:1;e:2;e:3;e:4;r:D_BRUTEFORCE
33,2026081401,61,eba9d7e6-7e60-c76d-8b84-bdf31100b0be,bruteforce,1,Violation,7,5,20,482.501,5904.8,5,1.0,,,,,e:1;e:2;e:3;e:4;r:D_BRUTEFORCE
34,2026081401,62,c9d7836a-c647-06e6-a417-24380ddf4ca1,bruteforce,1,Violation,7,5,20,443.574,6531.64,5,1.0,,,,,e:1;e:2;e:3;e:4;r:D_BRUTEFORCE
35,2026081401,70,4184a1bb-93eb-ca1c-c13c-07af0e28b5dc,bruteforce,1,Violation,7,5,20,379.588,6026.704,5,1.0,,,,,e:1;e:2;e:3;e:4;r:D_BRUTEFORCE
36,2026081401,71,59e479fe-a3d3-87ae-aa4b-702e52f36e02,bruteforce,1,Violation,7,5,20,337.689,6251.416,5,1.0,,,,,e:1;e:2;e:3;e:4;r:D_BRUTEFORCE
37,2026081401,77,c9616dd8-f49d-66ac-ea8c-a71ea4c02110,bruteforce,1,Violation,7,5,20,419.17,5983.905,5,1.0,,,,,e:1;e:2;e:3;e:4;r:D_BRUTEFORCE
38,2026081401,78,3ba41ba1-fe6d-8888-4bc6-876148704d96,bruteforce,1,Violation,7,5,20,340.12,6152.441,5,1.0,,,,,e:1;e:2;e:3;e:4;r:D_BRUTEFORCE
39,2026081401,85,07482bb0-3f68-448f-88f6-5a9ee33d1ee3,bruteforce,1,Violation,7,5,20,387.627,5765.181,5,1.0,,,,,e:1;e:2;e:3;e:4;r:D_BRUTEFORCE
40,2026081401,86,2e20ac21-bc2f-4337-aa5a-926ead285f35,bruteforce,1,Violation,7,5,20,370.744,6287.418,5,1.0,,,,,e:1;e:2;e:3;e:4;r:D_BRUTEFORCE
41,2026081401,92,a2dac5e6-985c-5c16-8559-5602683af9aa,bruteforce,1,Violation,7,5,20,411.469,6240.894,5,1.0,,,,,e:1;e:2;e:3;e:4;r:D_BRUTEFORCE
42,2026081401,93,466a7638-a11b-acaa-cecc-b3b089e18893,bruteforce,1,Violation,7,5,20,344.864,6278.216,5,1.0,,,,,e:1;e:2;e:3;e:4;r:D_BRUTEFORCE
43,2026081401,110,5ed9d5a3-52f6-2695-5bcf-4d6fe6f1fe37,bruteforce,1,Violation,7,5,20,391.257,5902.397,5,1.0,,,,,e:1;e:2;e:3;e:4;r:D_BRUTEFORCE
44,2026081401,111,525526f8-0fbc-873b-604f-430fafe755ef,bruteforce,1,Violation,7,5,20,335.432,6339.322,5,1.0,,,,,e:1;e:2;e:3;e:4;r:D_BRUTEFORCE
45,2026081401,117,899dd87b-1897-a267-a0e1-d174636d5bf6,bruteforce,1,Violation,7,5,20,401.797,5905.778,5,1.0,,,,,e:1;e:2;e:3;e:4;r:D_BRUTEFORCE
46,2026081401,118,9f439d85-8e56-7faa-d306-d92e969f0fdf,bruteforce,1,Violation,7,5,20,339.992,6058.363,5,1.0,,,,,e:1;e:2;e:3;e:4;r:D_BRUTEFORCE
47,2026081401,158,3d2395cc-0343-a29e-69a8-c2b127e45ee6,bruteforce,1,Violation,7,5,20,484.328,6005.634,5,1.0,,,,,e:1;e:2;e:3;e:4;r:D_BRUTEFORCE
48,2026081401,159,f9ea5e7b-c313-76e5-be8b-b4bab5ec35bc,bruteforce,1,Violation,7,5,20,345.131,6085.911,5,1.0,,,,,e:1;e:2;e:3;e:4;r:D_BRUTEFORCE
49,2026081401,166,c37eae7f-d738-5b62-b2d1-263e66eb081f,bruteforce,1,Violation,7,5,20,411.482,6273.512,5,1.0,,,,,e:1;e:2;e:3;e:4;r:D_BRUTEFORCE
50,2026081401,81,821a55c0-cba8-d51a-6701-4783b80b619e,command_probe,1,Violation,6,2,50,850.286,4159.317,2,1.0,,,,,e:4;r:D_COMMAND
51,2026081401,134,9652b380-d1d2-0f2c-5664-a4c021d5ac5b,command_probe,1,Violation,6,2,50,673.152,4134.325,2,1.0,,,,,e:4;r:D_COMMAND
52,2026081401,294,b95c7722-9e86-1e67-3fdc-b2607b00c70d,command_probe,1,Violation,6,2,50,620.953,3889.282,2,1.0,,,,,e:4;r:D_COMMAND
53,2026081402,5,3d53f074-af4c-78e4-85e4-191fe8872f38,command_probe,1,Violation,6,2,50,728.184,4062.251,2,1.0,,,,,e:4;r:D_COMMAND
54,2026081402,81,156b8257-af7a-6f90-4300-53f58aa2aa1b,command_probe,1,Violation,6,2,50,616.687,4212.771,2,1.0,,,,,e:4;r:D_COMMAND
55,2026081402,166,cf83fc7c-2cff-a67e-9d1a-00db92e71d21,command_probe,1,Violation,6,2,50,666.091,4049.915,2,1.0,,,,,e:4;r:D_COMMAND
56,2026081402,185,4b47bc7d-279a-9681-7e6b-3720e45e5704,command_probe,1,Violation,6,2,50,608.187,4271.226,2,1.0,,,,,e:4;r:D_COMMAND
57,2026081402,211,f23528d2-dbb2-f6da-72e5-1cff516e8463,command_probe,1,Violation,6,2,50,669.1,4152.367,2,1.0,,,,,e:4;r:D_COMMAND
58,2026081402,232,9fcfdffc-3815-e6ac-228f-8a001b7be067,command_probe,1,Violation,6,2,50,614.97,4210.865,2,1.0,,,,,e:4;r:D_COMMAND
59,2026081403,15,3b5d5976-a811-7522-698b-99cf338c90a9,command_probe,1,Violation,6,2,50,696.391,4314.55,2,1.0,,,,,e:4;r:D_COMMAND
60,2026081403,27,8d63e20f-bd12-c34d-37b5-12ec0bb07c8f,command_probe,1,Violation,6,2,50,624.963,5188.743,2,1.0,,,,,e:4;r:D_COMMAND
61,2026081404,109,1b370ab2-ab47-7117-0aa4-f3540b461956,command_probe,1,Violation,6,2,50,655.649,4114.945,2,1.0,,,,,e:4;r:D_COMMAND
62,2026081404,226,35aed541-8064-9cab-a864-f6f4ee6e4d80,command_probe,1,Violation,6,2,50,840.794,3853.439,2,1.0,,,,,e:4;r:D_COMMAND
63,2026081405,10,4db46942-173d-8088-fb36-8af4c50a9f59,command_probe,1,Violation,6,2,50,705.132,3953.481,2,1.0,,,,,e:4;r:D_COMMAND
64,2026081405,101,6935ae79-bd6d-6ad5-9fb9-6856aa1ad39d,command_probe,1,Violation,6,2,50,611.771,4049.357,2,1.0,,,,,e:4;r:D_COMMAND
65,2026081405,122,f7292936-b7d5-d6ea-88d5-627191b17e7d,command_probe,1,Violation,6,2,50,712.548,3846.701,2,1.0,,,,,e:4;r:D_COMMAND
66,2026081405,123,ef8cb7b9-f86e-ae45-86ac-51306ba87707,command_probe,1,Violation,6,2,50,706.486,3872.671,2,1.0,,,,,e:4;r:D_COMMAND
67,2026081405,175,e40b8b2e-81d9-fa21-ce7d-865d43e832b6,command_probe,1,Violation,6,2,50,710.688,3911.929,2,1.0,,,,,e:4;r:D_COMMAND
68,2026081405,196,21e95e4d-699d-8e1e-1a6a-50f964222ce0,command_probe,1,Violation,6,2,50,610.68,4441.743,2,1.0,,,,,e:4;r:D_COMMAND
69,2026081405,223,c834d32b-af77-9d9b-c114-56c9eaf70bdd,command_probe,1,Violation,6,2,50,675.397,3928.145,2,1.0,,,,,e:4;r:D_COMMAND
70,2026081405,248,1dcd7c75-e492-6519-8f52-be63bfd7efbe,command_probe,1,Violation,6,2,50,810.081,4120.62,2,1.0,,,,,e:4;r:D_COMMAND
71,2026081406,11,0eeabb9d-c6a1-f47d-a90c-3b50a2ff567c,command_probe,1,Violation,6,2,50,640.98,3845.987,2,1.0,,,,,e:4;r:D_COMMAND
72,2026081406,103,85ae5e56-badc-4e6b-a166-97a2dc1762c8,command_probe,1,Violation,6,2,50,607.31,3884.846,2,1.0,,,,,e:4;r:D_COMMAND
73,2026081406,127,66dc797e-7a90-3b3c-1c47-26f42bb36ce6,command_probe,1,Violation,6,2,50,664.476,3815.641,2,1.0,,,,,e:4;r:D_COMMAND
74,2026081406,141,d8b02045-b5fc-b2c5-2207-692703931e92,command_probe,1,Violation,6,2,50,650.972,3918.28,2,1.0,,,,,e:4;r:D_COMMAND
75,2026081401,10,a1386286-cc41-b95d-75b0-9c65b201cd43,path_traversal,1,Violation,6,2,50,699.344,3985.861,2,1.0,,,,,e:4;r:D_TRAVERSAL
76,2026081401,120,2efa23e7-2b5f-deb9-0479-01c0f7d9bd4e,path_traversal,1,Violation,6,2,50,603.024,4133.893,2,1.0,,,,,e:4;r:D_TRAVERSAL
77,2026081401,148,5a258214-e8e3-4a02-f140-ade05ff48ceb,path_traversal,1,Violation,6,2,50,683.893,4309.48,2,1.0,,,,,e:4;r:D_TRAVERSAL
78,2026081401,195,305cce67-1300-9954-1d9b-10db74be81c3,path_traversal,1,Violation,6,2,50,642.165,3987.816,2,1.0,,,,,e:4;r:D_TRAVERSAL
79,2026081401,259,96dc046b-a341-622d-45f7-87b0cd10455f,path_traversal,1,Violation,6,2,50,670.122,4115.592,2,1.0,,,,,e:4;r:D_TRAVERSAL
80,2026081401,280,167a850f-0d3f-06d8-1f1c-12e9c7fa8e48,path_traversal,1,Violation,6,2,50,662.846,3898.157,2,1.0,,,,,e:4;r:D_TRAVERSAL
81,2026081402,111,02f003cb-d706-e3c3-a182-62977f17edf8,path_traversal,1,Violation,6,2,50,776.141,4657.626,2,1.0,,,,,e:4;r:D_TRAVERSAL
82,2026081402,144,0d7d6212-4804-bf89-2824-5ecaea9365e1,path_traversal,1,Violation,6,2,50,635.598,4324.793,2,1.0,,,,,e:4;r:D_TRAVERSAL
83,2026081402,202,3e26e1a0-5e49-74a3-0b7d-474477e43c9e,path_traversal,1,Violation,6,2,50,675.138,4290.535,2,1.0,,,,,e:4;r:D_TRAVERSAL
84,2026081402,206,dde19873-63aa-dca3-e8af-ad49fbae00c5,path_traversal,1,Violation,6,2,50,692.458,4373.827,2,1.0,,,,,e:4;r:D_TRAVERSAL
85,2026081402,290,6fae0fde-c255-d03c-75bb-66852d07f6d8,path_traversal,1,Violation,6,2,50,685.01,3884.886,2,1.0,,,,,e:4;r:D_TRAVERSAL
86,2026081403,1,24817e69-3674-21c9-1ec0-decaf3836d23,path_traversal,1,Violation,3,2,8,139.514,2875.046,2,1.0,,,,,e:1;r:D_TRAVERSAL
87,2026081403,57,c019d8be-3fb9-2747-e606-8ac7e9c4a8d1,path_traversal,1,Violation,6,2,50,675.979,3987.453,2,1.0,,,,,e:4;r:D_TRAVERSAL
88,2026081403,60,5bd5f24c-d00d-5f09-50d4-f45afb98d40b,path_traversal,1,Violation,6,2,50,618.234,4201.604,2,1.0,,,,,e:4;r:D_TRAVERSAL
89,2026081403,94,0fe05478-bbf2-d820-8dda-dc4576a4ecf7,path_traversal,1,Violation,6,2,50,743.293,4031.51,2,1.0,,,,,e:4;r:D_TRAVERSAL
90,2026081403,106,82cc40a3-85c9-a42c-3b23-1aa4e04b6fb8,path_traversal,1,Violation,6,2,50,635.037,5881.37,2,1.0,,,,,e:4;r:D_TRAVERSAL
91,2026081404,10,c5c509c2-c952-d2c0-c3d7-8b0d2a25d0fe,path_traversal,1,Violation,6,2,50,681.189,4054.488,2,1.0,,,,,e:4;r:D_TRAVERSAL
92,2026081404,45,71a59d8f-038c-a7d2-6481-ed4a1099d308,path_traversal,1,Violation,6,2,50,624.587,4115.756,2,1.0,,,,,e:4;r:D_TRAVERSAL
93,2026081404,102,5e7acd3d-65e3-0f6a-8a1d-d2ae4edf76d0,path_traversal,1,Violation,6,2,50,671.387,3993.687,2,1.0,,,,,e:4;r:D_TRAVERSAL
94,2026081404,113,103a7c7c-b6e8-b0c0-bd12-8a91e26953ad,path_traversal,1,Violation,6,2,50,724.605,3862.643,2,1.0,,,,,e:4;r:D_TRAVERSAL
95,2026081404,212,eb18e52e-72a7-8946-4090-c6c8f8530fc2,path_traversal,1,Violation,6,2,50,695.725,4247.323,2,1.0,,,,,e:4;r:D_TRAVERSAL
96,2026081404,227,582618d1-72eb-057d-3abb-67120d9bd38f,path_traversal,1,Violation,6,2,50,686.268,3960.575,2,1.0,,,,,e:4;r:D_TRAVERSAL
97,2026081405,37,ca188a88-ad00-d78c-f654-ad4a354563ca,path_traversal,1,Violation,6,2,50,691.645,3832.406,2,1.0,,,,,e:4;r:D_TRAVERSAL
98,2026081405,46,1a99f4cd-2e59-765d-68f0-91628ef5d385,path_traversal,1,Violation,6,2,50,706.52,4040.461,2,1.0,,,,,e:4;r:D_TRAVERSAL
99,2026081405,125,6fcd3542-6e39-75ee-d28e-8209b169eeca,path_traversal,1,Violation,6,2,50,701.735,4434.863,2,1.0,,,,,e:4;r:D_TRAVERSAL
