seed,kind,target_class,n_units,intrinsic_core_size,intrinsic_event_units,intrinsic_rule_units,intrinsic_sound,intrinsic_witnesses,intrinsic_us,shap_sufficient_k,shap_selected,shap_jaccard_with_core,shap_us,core,shap_ranking
2026081401,secret_read,Violation,5,2,1,1,1,2,701.737,2,e:3;r:D_SECRET_READ,1.0,39971.492,e:3;r:D_SECRET_READ,e:3;r:D_SECRET_READ;e:1;e:0;e:2
2026081402,system_write,Violation,5,2,1,1,1,2,407.221,2,e:3;r:D_SYSTEM_WRITE,1.0,5036.163,e:3;r:D_SYSTEM_WRITE,e:3;r:D_SYSTEM_WRITE;e:1;e:0;e:2
2026081403,system_exec,Violation,5,2,1,1,1,2,512.227,2,e:3;r:D_SYSTEM_EXEC,1.0,7298.982,e:3;r:D_SYSTEM_EXEC,e:3;r:D_SYSTEM_EXEC;e:1;e:0;e:2
2026081404,scan,Violation,5,4,3,1,1,4,359.819,4,e:0;e:1;e:2;r:D_SCAN,1.0,7606.998,e:0;e:1;e:2;r:D_SCAN,e:1;e:2;e:0;r:D_SCAN;r:A_NETWORK_CONNECT
2026081405,secret_read,Violation,5,2,1,1,1,2,444.123,2,e:3;r:D_SECRET_READ,1.0,4173.618,e:3;r:D_SECRET_READ,e:3;r:D_SECRET_READ;e:1;e:0;e:2
2026081406,system_write,Violation,5,2,1,1,1,2,370.82,2,e:3;r:D_SYSTEM_WRITE,1.0,4535.138,e:3;r:D_SYSTEM_WRITE,e:3;r:D_SYSTEM_WRITE;e:1;e:0;e:2
2026081407,system_exec,Violation,5,2,1,1,1,2,480.825,2,e:3;r:D_SYSTEM_EXEC,1.0,4185.019,e:3;r:D_SYSTEM_EXEC,e:3;r:D_SYSTEM_EXEC;e:1;e:0;e:2
2026081408,scan,Violation,5,4,3,1,1,4,225.512,4,e:0;e:1;e:2;r:D_SCAN,1.0,5041.464,e:0;e:1;e:2;r:D_SCAN,e:1;e:2;e:0;r:D_SCAN;r:A_NETWORK_CONNECT
2026081409,secret_read,Violation,5,2,1,1,1,2,364.819,2,e:3;r:D_SECRET_READ,1.0,6880.561,e:3;r:D_SECRET_READ,e:3;r:D_SECRET_READ;e:1;e:0;e:2
2026081410,system_write,Violation,5,2,1,1,1,2,603.132,2,e:3;r:D_SYSTEM_WRITE,1.0,6040.216,e:3;r:D_SYSTEM_WRITE,e:3;r:D_SYSTEM_WRITE;e:1;e:0;e:2
2026081411,system_exec,Violation,5,2,1,1,1,2,571.83,2,e:3;r:D_SYSTEM_EXEC,1.0,4437.532,e:3;r:D_SYSTEM_EXEC,e:3;r:D_SYSTEM_EXEC;e:1;e:0;e:2
2026081412,scan,Violation,5,4,3,1,1,4,172.009,4,e:0;e:1;e:2;r:D_SCAN,1.0,5104.567,e:0;e:1;e:2;r:D_SCAN,e:1;e:2;e:0;r:D_SCAN;r:A_NETWORK_CONNECT
2026081413,secret_read,Violation,5,2,1,1,1,2,575.63,2,e:3;r:D_SECRET_READ,1.0,4932.758,e:3;r:D_SECRET_READ,e:3;r:D_SECRET_READ;e:1;e:0;e:2
2026081414,system_write,Violation,5,2,1,1,1,2,519.827,2,e:3;r:D_SYSTEM_WRITE,1.0,5032.663,e:3;r:D_SYSTEM_WRITE,e:3;r:D_SYSTEM_WRITE;e:1;e:0;e:2
2026081415,system_exec,Violation,5,2,1,1,1,2,365.019,2,e:3;r:D_SYSTEM_EXEC,1.0,3755.596,e:3;r:D_SYSTEM_EXEC,e:3;r:D_SYSTEM_EXEC;e:1;e:0;e:2
2026081416,scan,Violation,5,4,3,1,1,4,365.919,4,e:0;e:1;e:2;r:D_SCAN,1.0,7728.004,e:0;e:1;e:2;r:D_SCAN,e:1;e:2;e:0;r:D_SCAN;r:A_NETWORK_CONNECT
2026081417,secret_read,Violation,5,2,1,1,1,2,384.02,2,e:3;r:D_SECRET_READ,1.0,6052.117,e:3;r:D_SECRET_READ,e:3;r:D_SECRET_READ;e:1;e:0;e:2
2026081418,system_write,Violation,5,2,1,1,1,2,473.824,2,e:3;r:D_SYSTEM_WRITE,1.0,4563.238,e:3;r:D_SYSTEM_WRITE,e:3;r:D_SYSTEM_WRITE;e:1;e:0;e:2
2026081419,system_exec,Violation,5,2,1,1,1,2,360.319,2,e:3;r:D_SYSTEM_EXEC,1.0,3966.108,e:3;r:D_SYSTEM_EXEC,e:3;r:D_SYSTEM_EXEC;e:1;e:0;e:2
2026081420,scan,Violation,5,4,3,1,1,4,174.209,4,e:0;e:1;e:2;r:D_SCAN,1.0,4518.737,e:0;e:1;e:2;r:D_SCAN,e:1;e:2;e:0;r:D_SCAN;r:A_NETWORK_CONNECT
2026081421,secret_read,Violation,5,2,1,1,1,2,396.921,2,e:3;r:D_SECRET_READ,1.0,4268.323,e:3;r:D_SECRET_READ,e:3;r:D_SECRET_READ;e:1;e:0;e:2
2026081422,system_write,Violation,5,2,1,1,1,2,395.621,2,e:3;r:D_SYSTEM_WRITE,1.0,3663.692,e:3;r:D_SYSTEM_WRITE,e:3;r:D_SYSTEM_WRITE;e:1;e:0;e:2
2026081423,system_exec,Violation,5,2,1,1,1,2,362.419,2,e:3;r:D_SYSTEM_EXEC,1.0,6062.817,e:3;r:D_SYSTEM_EXEC,e:3;r:D_SYSTEM_EXEC;e:1;e:0;e:2
2026081424,scan,Violation,5,4,3,1,1,4,263.414,4,e:0;e:1;e:2;r:D_SCAN,1.0,4687.045,e:0;e:1;e:2;r:D_SCAN,e:1;e:2;e:0;r:D_SCAN;r:A_NETWORK_CONNECT
2026081425,secret_read,Violation,5,2,1,1,1,2,372.719,2,e:3;r:D_SECRET_READ,1.0,4307.526,e:3;r:D_SECRET_READ,e:3;r:D_SECRET_READ;e:1;e:0;e:2
2026081426,system_write,Violation,5,2,1,1,1,2,391.921,2,e:3;r:D_SYSTEM_WRITE,1.0,6500.841,e:3;r:D_SYSTEM_WRITE,e:3;r:D_SYSTEM_WRITE;e:1;e:0;e:2
2026081427,system_exec,Violation,5,2,1,1,1,2,748.739,2,e:3;r:D_SYSTEM_EXEC,1.0,4417.831,e:3;r:D_SYSTEM_EXEC,e:3;r:D_SYSTEM_EXEC;e:1;e:0;e:2
2026081428,scan,Violation,5,4,3,1,1,4,215.611,4,e:0;e:1;e:2;r:D_SCAN,1.0,4885.356,e:0;e:1;e:2;r:D_SCAN,e:1;e:2;e:0;r:D_SCAN;r:A_NETWORK_CONNECT
2026081429,secret_read,Violation,5,2,1,1,1,2,497.626,2,e:3;r:D_SECRET_READ,1.0,4322.026,e:3;r:D_SECRET_READ,e:3;r:D_SECRET_READ;e:1;e:0;e:2
2026081430,system_write,Violation,5,2,1,1,1,2,363.219,2,e:3;r:D_SYSTEM_WRITE,1.0,6099.419,e:3;r:D_SYSTEM_WRITE,e:3;r:D_SYSTEM_WRITE;e:1;e:0;e:2
2026081501,system_exec,Violation,5,2,1,1,1,2,446.924,2,e:3;r:D_SYSTEM_EXEC,1.0,4465.933,e:3;r:D_SYSTEM_EXEC,e:3;r:D_SYSTEM_EXEC;e:1;e:0;e:2
2026081502,scan,Violation,5,4,3,1,1,4,420.522,4,e:0;e:1;e:2;r:D_SCAN,1.0,5434.784,e:0;e:1;e:2;r:D_SCAN,e:1;e:2;e:0;r:D_SCAN;r:A_NETWORK_CONNECT
