pid,version,rid,priority,effect,action,resource_class,subject_class,fallback_nonstutter
DARPA_CADETS_WHITELIST,1,A_DARPA_0000,10,ALLOW,read,file:dev,process,0
DARPA_CADETS_WHITELIST,1,A_DARPA_0001,10,ALLOW,close,file:none,process,0
DARPA_CADETS_WHITELIST,1,A_DARPA_0002,10,ALLOW,fcntl,other,process,0
DARPA_CADETS_WHITELIST,1,A_DARPA_0003,10,ALLOW,lseek,file:none,process,0
DARPA_CADETS_WHITELIST,1,A_DARPA_0004,10,ALLOW,read,file:etc,process,0
DARPA_CADETS_WHITELIST,1,A_DARPA_0005,10,ALLOW,mmap,file:none,process,0
DARPA_CADETS_WHITELIST,1,A_DARPA_0006,10,ALLOW,read,file:usr,process,0
DARPA_CADETS_WHITELIST,1,A_DARPA_0007,10,ALLOW,open,file:usr,process,0
DARPA_CADETS_WHITELIST,1,A_DARPA_0008,10,ALLOW,modify_process,process,process,0
DARPA_CADETS_WHITELIST,1,A_DARPA_0009,10,ALLOW,create_object,file:none,process,0
DARPA_CADETS_WHITELIST,1,A_DARPA_0010,10,ALLOW,open,file:etc,process,0
DARPA_CADETS_WHITELIST,1,A_DARPA_0011,10,ALLOW,open,file:root_other,process,0
DARPA_CADETS_WHITELIST,1,A_DARPA_0012,10,ALLOW,read,file:var,process,0
DARPA_CADETS_WHITELIST,1,A_DARPA_0013,10,ALLOW,write,file:other,process,0
DARPA_CADETS_WHITELIST,1,A_DARPA_0014,10,ALLOW,read,file:other,process,0
DARPA_CADETS_WHITELIST,1,A_DARPA_0015,10,ALLOW,write,file:dev,process,0
DARPA_CADETS_WHITELIST,1,A_DARPA_0016,10,ALLOW,open,file:var,process,0
DARPA_CADETS_WHITELIST,1,A_DARPA_0017,10,ALLOW,fork,process,process,0
DARPA_CADETS_WHITELIST,1,A_DARPA_0018,10,ALLOW,exit,process,process,0
DARPA_CADETS_WHITELIST,1,A_DARPA_0019,10,ALLOW,change_principal,process,process,0
DARPA_CADETS_WHITELIST,1,A_DARPA_0020,10,ALLOW,read,network,process,0
DARPA_CADETS_WHITELIST,1,A_DARPA_0021,10,ALLOW,write,network,process,0
DARPA_CADETS_WHITELIST,1,A_DARPA_0022,10,ALLOW,write,pipe,process,0
DARPA_CADETS_WHITELIST,1,A_DARPA_0023,10,ALLOW,read,file:home,process,0
DARPA_CADETS_WHITELIST,1,A_DARPA_0024,10,ALLOW,read,pipe,process,0
DARPA_CADETS_WHITELIST,1,A_DARPA_0025,10,ALLOW,open,file:dev,process,0
DARPA_CADETS_WHITELIST,1,A_DARPA_0026,10,ALLOW,open,file:home,process,0
DARPA_CADETS_WHITELIST,1,A_DARPA_0027,10,ALLOW,recvfrom,file:none,process,0
DARPA_CADETS_WHITELIST,1,A_DARPA_0028,10,ALLOW,sendto,file:none,process,0
DARPA_CADETS_WHITELIST,1,A_DARPA_0029,10,ALLOW,connect,file:none,process,0
DARPA_CADETS_WHITELIST,1,A_DARPA_0030,10,ALLOW,write,file:var,process,0
DARPA_CADETS_WHITELIST,1,A_DARPA_0031,10,ALLOW,create_object,pipe,process,0
DARPA_CADETS_WHITELIST,1,A_DARPA_0032,10,ALLOW,recvfrom,network,process,0
DARPA_CADETS_WHITELIST,1,A_DARPA_0033,10,ALLOW,close,network,process,0
DARPA_CADETS_WHITELIST,1,A_DARPA_0034,10,ALLOW,sendto,network,process,0
DARPA_CADETS_WHITELIST,1,A_DARPA_0035,10,ALLOW,accept,file:none,process,0
DARPA_CADETS_WHITELIST,1,A_DARPA_0036,10,ALLOW,connect,network,process,0
DARPA_CADETS_WHITELIST,1,A_DARPA_0037,10,ALLOW,write,file:root_other,process,0
DARPA_CADETS_WHITELIST,1,A_DARPA_0038,10,ALLOW,add_object_attribute,network,process,0
DARPA_CADETS_WHITELIST,1,A_DARPA_0039,10,ALLOW,close,pipe,process,0
DARPA_CADETS_WHITELIST,1,A_DARPA_0040,10,ALLOW,write,file:home,process,0
DARPA_CADETS_WHITELIST,1,A_DARPA_0041,10,ALLOW,unlink,file:var,process,0
DARPA_CADETS_WHITELIST,1,A_DARPA_0042,10,ALLOW,fcntl,pipe,process,0
DARPA_CADETS_WHITELIST,1,A_DARPA_0043,10,ALLOW,rename,file:var,process,0
DARPA_CADETS_WHITELIST,1,A_DARPA_0044,10,ALLOW,modify_file_attributes,file:home,process,0
DARPA_CADETS_WHITELIST,1,A_DARPA_0045,10,ALLOW,modify_file_attributes,file:var,process,0
DARPA_CADETS_WHITELIST,1,A_DARPA_0046,10,ALLOW,login,other,process,0
DARPA_CADETS_WHITELIST,1,A_DARPA_0047,10,ALLOW,mprotect,other,process,0
DARPA_CADETS_WHITELIST,1,A_DARPA_0048,10,ALLOW,accept,network,process,0
DARPA_CADETS_WHITELIST,1,A_DARPA_0049,10,ALLOW,unlink,file:home,process,0
DARPA_CADETS_WHITELIST,1,A_DARPA_0050,10,ALLOW,open,file:tmp,process,0
DARPA_CADETS_WHITELIST,1,A_DARPA_0051,10,ALLOW,link,file:var,process,0
DARPA_CADETS_WHITELIST,1,A_DARPA_0052,10,ALLOW,modify_file_attributes,file:tmp,process,0
DARPA_CADETS_WHITELIST,1,A_DARPA_0053,10,ALLOW,signal,process,process,0
DARPA_CADETS_WHITELIST,1,A_DARPA_0054,10,ALLOW,truncate,file:none,process,0
DARPA_CADETS_WHITELIST,1,A_DARPA_0055,10,ALLOW,write,file:tmp,process,0
DARPA_CADETS_WHITELIST,1,A_DARPA_0056,10,ALLOW,link,file:home,process,0
DARPA_CADETS_WHITELIST,1,A_DARPA_0057,10,ALLOW,unlink,file:usr,process,0
DARPA_CADETS_WHITELIST,1,A_DARPA_0058,10,ALLOW,modify_file_attributes,file:usr,process,0
DARPA_CADETS_WHITELIST,1,A_DARPA_0059,10,ALLOW,unlink,file:tmp,process,0
DARPA_CADETS_WHITELIST,1,A_DARPA_0060,10,ALLOW,recvmsg,file:none,process,0
DARPA_CADETS_WHITELIST,1,A_DARPA_0061,10,ALLOW,sendmsg,file:none,process,0
DARPA_CADETS_WHITELIST,1,A_DARPA_0062,10,ALLOW,modify_file_attributes,file:none,process,0
DARPA_CADETS_WHITELIST,1,A_DARPA_0063,10,ALLOW,recvmsg,network,process,0
DARPA_CADETS_WHITELIST,1,A_DARPA_0064,10,ALLOW,rename,file:home,process,0
DARPA_CADETS_WHITELIST,1,A_DARPA_0065,10,ALLOW,create_object,file:usr,process,0
DARPA_CADETS_WHITELIST,1,A_DARPA_0066,10,ALLOW,read,file:sbin,process,0
DARPA_CADETS_WHITELIST,1,A_DARPA_0067,10,ALLOW,read,file:tmp,process,0
DARPA_CADETS_WHITELIST,1,A_DARPA_0068,10,ALLOW,modify_file_attributes,file:dev,process,0
DARPA_CADETS_WHITELIST,1,A_DARPA_0069,10,ALLOW,fcntl,file:none,process,0
DARPA_CADETS_WHITELIST,1,A_DARPA_0070,10,ALLOW,other,other,process,0
DARPA_CADETS_WHITELIST,1,A_DARPA_0071,10,ALLOW,flows_to,file:none,process,0
DARPA_CADETS_WHITELIST,1,A_DARPA_0072,10,ALLOW,write,file:etc,process,0
DARPA_CADETS_WHITELIST,1,A_DARPA_0073,10,ALLOW,signal,other,process,0
DARPA_CADETS_WHITELIST,1,A_DARPA_0074,10,ALLOW,flows_to,pipe,process,0
DARPA_CADETS_WHITELIST,1,A_DARPA_0075,10,ALLOW,open,file:sbin,process,0
DARPA_CADETS_WHITELIST,1,A_DARPA_0076,10,ALLOW,open,other,process,0
DARPA_CADETS_WHITELIST,1,A_DARPA_0077,10,ALLOW,sendmsg,network,process,0
DARPA_CADETS_WHITELIST,1,D_DARPA_UNSEEN_SELECTOR,0,DENY,*,*,*,1
