seed,sid,rule_id,level
2026081401,534e86a7-d1e2-4457-407a-3d18f5c1b5d3,100014,10
2026081401,a1386286-cc41-b95d-75b0-9c65b201cd43,100002,10
2026081401,2407c035-b3b8-2aa3-e89e-0f9e26361d74,100014,10
2026081401,ac25a983-ccfb-726c-0a1f-eb2f7151a611,100014,10
2026081401,9777e7a1-642e-62ee-3412-ac35a3c1f0ef,100014,10
2026081401,4544a2ef-bdfb-14d3-f793-b3010db02eed,100014,10
2026081401,eba9d7e6-7e60-c76d-8b84-bdf31100b0be,100014,10
2026081401,349b00ad-be35-f48d-0765-db1cdc5ef426,100014,10
2026081401,2d2c04ab-f816-5806-c875-4ee8d76f72ab,100014,10
2026081401,821a55c0-cba8-d51a-6701-4783b80b619e,100003,10
2026081401,4b3c5a2b-b1eb-86d3-0867-7f481c486746,100014,10
2026081401,2e20ac21-bc2f-4337-aa5a-926ead285f35,100014,10
2026081401,a2dac5e6-985c-5c16-8559-5602683af9aa,100014,10
2026081401,efa466b6-8275-bed8-dd96-80e90bbb85a3,100001,10
2026081401,26b03cee-6717-56fb-edca-c5db9b93de67,100014,10
2026081401,f4858c9d-bbb5-6954-974f-27befd4467b6,100014,10
2026081401,2efa23e7-2b5f-deb9-0479-01c0f7d9bd4e,100002,10
2026081401,9652b380-d1d2-0f2c-5664-a4c021d5ac5b,100003,10
2026081401,4abf15aa-b546-205e-34ea-b37e5fab3f2e,100001,10
2026081401,5a258214-e8e3-4a02-f140-ade05ff48ceb,100002,10
2026081401,1732973c-780b-bb19-f8b7-41bcf765d380,100001,10
2026081401,bfbf06b7-e77b-7131-bfe3-3803053dfa7b,100014,10
2026081401,f9ea5e7b-c313-76e5-be8b-b4bab5ec35bc,100014,10
2026081401,c37eae7f-d738-5b62-b2d1-263e66eb081f,100014,10
2026081401,eeae489b-d013-75ae-3c72-9746820e6a18,100001,10
2026081401,26b34430-486b-3854-eb47-0fab7eea214b,100014,10
2026081401,2974cf63-4211-bb12-0857-fdd03f23683b,100001,10
2026081401,5c6493a3-7259-9b1e-b1a2-5cc8784fc493,100014,10
2026081401,305cce67-1300-9954-1d9b-10db74be81c3,100002,10
2026081401,b3097103-70c1-84a7-57be-63d24ace1d56,100014,10
2026081401,c2fc594b-cee5-a052-abe2-91cd7dae3763,100014,10
2026081401,334f06d2-be80-e224-5bd3-bff0aae6bfe9,100014,10
2026081401,3f024014-277d-3617-7636-4543e8a3b6e8,100014,10
2026081401,aff275ab-9880-5bd3-d3cf-a78b5f94b1a1,100014,10
2026081401,96702d7e-ba00-479d-ff7d-7ceb65d87dcb,100001,10
2026081401,71e175ee-0b5a-f728-50f4-9543cb8b69fb,100014,10
2026081401,3c80836e-3465-7586-bbb4-32cf789a5fcd,100014,10
2026081401,96dc046b-a341-622d-45f7-87b0cd10455f,100002,10
2026081401,303a2b29-4eba-ddb4-bf47-80784f6faddf,100001,10
2026081401,167a850f-0d3f-06d8-1f1c-12e9c7fa8e48,100002,10
2026081401,b95c7722-9e86-1e67-3fdc-b2607b00c70d,100003,10
2026081401,c0e00bf8-6c0c-c482-1c11-fc94e29e1f4d,100001,10
2026081402,0c91fcdb-b807-d361-a0af-e8f7d91c393f,100014,10
2026081402,3d53f074-af4c-78e4-85e4-191fe8872f38,100003,10
2026081402,8fe5e8ae-24f1-4586-1803-878b0fc44f03,100001,10
2026081402,8a397b21-159e-728b-757f-6dcb14a273f1,100014,10
2026081402,e251c521-e237-f21c-da12-42890c3e0895,100014,10
2026081402,cd3e2227-3db0-d4b7-4db8-6b2c5e6dbce5,100014,10
2026081402,0b398fa3-5d05-4b51-f538-f85b3e8d4fd2,100014,10
2026081402,1a267490-5a98-d743-ef25-bf77fdf62acf,100001,10
2026081402,156b8257-af7a-6f90-4300-53f58aa2aa1b,100003,10
2026081402,35e23ea4-7de1-54ab-2fc1-e8ec82ecbf45,100014,10
2026081402,02f003cb-d706-e3c3-a182-62977f17edf8,100002,10
2026081402,c66b54b4-dc91-86f3-8339-b32e9398e679,100014,10
2026081402,2b72eb93-cae7-e922-eed5-a9bece2efb93,100001,10
2026081402,8c5407ef-0bd7-df5a-0214-33504af8e232,100014,10
2026081402,3a841de8-747a-46ff-c46b-bcaf3e7cfd12,100014,10
2026081402,deb10bd1-0057-1a93-f23f-3205e08ed9de,100014,10
2026081402,0d7d6212-4804-bf89-2824-5ecaea9365e1,100002,10
2026081402,72b51565-b326-e3c9-564d-5fde6f085913,100014,10
2026081402,cf83fc7c-2cff-a67e-9d1a-00db92e71d21,100003,10
2026081402,bdceaf1c-043a-df71-8727-5499571ba2c4,100014,10
2026081402,4b47bc7d-279a-9681-7e6b-3720e45e5704,100003,10
2026081402,939893d7-e123-d932-5cbb-5c82a2cac456,100014,10
2026081402,066fdc7d-d718-7a27-437d-a5f90061df81,100014,10
2026081402,ca7a2ca8-632b-412a-6d89-6948f2b8de88,100014,10
2026081402,3e26e1a0-5e49-74a3-0b7d-474477e43c9e,100002,10
2026081402,dde19873-63aa-dca3-e8af-ad49fbae00c5,100002,10
2026081402,f23528d2-dbb2-f6da-72e5-1cff516e8463,100003,10
2026081402,0a7e5b10-1d85-dac9-9581-a363371a98fd,100014,10
2026081402,9fcfdffc-3815-e6ac-228f-8a001b7be067,100003,10
2026081402,c4f0e9d3-55e2-2ff8-8405-15c69b10c83a,100014,10
2026081402,09c43199-99bc-726a-91d8-864309b3b841,100014,10
2026081402,510d3470-7fcf-a6b6-9188-91e2fae35e6b,100014,10
2026081402,3bc4cebe-5ddb-5942-f407-4a73ca43ab29,100014,10
2026081402,32e2582a-5c4b-cb58-17e1-ace62fe63135,100014,10
2026081402,0d5837f3-fc16-8f84-bccf-07ba3f68dad8,100014,10
2026081402,6fae0fde-c255-d03c-75bb-66852d07f6d8,100002,10
2026081402,b1ea4630-2573-ac14-a624-f923a4ba26a1,100014,10
2026081403,24817e69-3674-21c9-1ec0-decaf3836d23,100002,10
2026081403,186d7163-c025-36ad-25c0-eea625274f70,100014,10
2026081403,1711b078-8e9d-337d-e201-4211fa51907a,100014,10
2026081403,3b5d5976-a811-7522-698b-99cf338c90a9,100003,10
2026081403,8d63e20f-bd12-c34d-37b5-12ec0bb07c8f,100003,10
2026081403,94c75fb7-18a0-46ad-a451-f11713257aad,100014,10
2026081403,020cbcb5-bdc7-3f90-ef20-938d12b26c48,100014,10
2026081403,05dd88e5-a1fb-72f1-f902-4dd41fe7be59,100014,10
2026081403,c019d8be-3fb9-2747-e606-8ac7e9c4a8d1,100002,10
2026081403,5bd5f24c-d00d-5f09-50d4-f45afb98d40b,100002,10
2026081403,84f60aef-5bbe-f906-2735-bb79f2a9f4b3,100001,10
2026081403,d64367ae-c22b-f33d-54b4-9977593cc5ff,100014,10
2026081403,668375b1-0de7-5ded-ed62-bc785d313459,100001,10
2026081403,81f2db94-10ff-164d-4a3c-be95097534e5,100014,10
2026081403,0fe05478-bbf2-d820-8dda-dc4576a4ecf7,100002,10
2026081403,0ab63aa8-5f8a-b3e9-6b2d-503aca80c6f4,100014,10
2026081403,82cc40a3-85c9-a42c-3b23-1aa4e04b6fb8,100002,10
2026081403,25b0bb24-c7d1-e7bd-516e-fdca5abb71aa,100001,10
2026081403,9142086d-661a-d8b0-5a7c-1627affe51da,100014,10
2026081403,57d01d51-5d3d-3212-0619-7d1739c87973,100014,10
2026081403,52943284-1a77-5764-9da8-fd1cde64f930,100014,10
2026081403,ebb2aa64-6df9-5f11-6fd5-b9f6718f7b7a,100014,10
2026081403,5b0e6011-a4d5-574f-d779-1c581b90846e,100014,10
2026081403,674f43ad-4b21-54b2-90c2-672e1a362035,100014,10
2026081403,b822f805-66ff-74bb-6494-d289befa9746,100014,10
2026081403,95e37073-4d4a-eb81-c83a-c52e4f9f821c,100014,10
2026081403,30f6afc3-eef3-6333-f5e8-c1f36aee2041,100014,10
2026081403,415e5563-82b7-8f08-373d-f68228d19a13,100014,10
2026081403,8ef73266-effd-0557-d7e2-ce8f364d7bc7,100014,10
2026081403,e72ad337-e6f5-058c-55c4-5829789a9b40,100014,10
2026081403,9b102562-446c-7e51-93f7-1cf34d3e23d7,100001,10
2026081403,33d5f731-f8f1-47e2-b14c-979f61d2bf8a,100014,10
2026081403,8dfff2f8-d587-f3b2-cc74-f05503a32197,100014,10
2026081403,d45ef171-5941-d8f0-d52b-866cc190fe19,100014,10
2026081403,2064e0de-7161-0829-6529-1832eab85d67,100014,10
2026081403,8c99f4f6-c105-5954-fe67-9cbe703ac8dd,100014,10
2026081403,139c521f-6eda-2eaa-ee05-fd2953b17693,100014,10
2026081403,fe731ab7-f9b1-3878-407a-172981c51ac0,100014,10
2026081404,c7945a07-99b7-9ba3-436b-e80f8a246ff5,100014,10
2026081404,c5c509c2-c952-d2c0-c3d7-8b0d2a25d0fe,100002,10
2026081404,0fd5a3b8-562f-b90f-3149-067fe5b23029,100014,10
2026081404,15839658-5a67-4088-08f9-ec10898d1649,100001,10
2026081404,71a59d8f-038c-a7d2-6481-ed4a1099d308,100002,10
2026081404,590bc93c-da2a-60ce-6b4c-de67df305180,100014,10
2026081404,e43821d5-ad1a-0399-bdc8-a90899c41cea,100014,10
2026081404,0750898d-8edc-3fdb-c11b-7d130c03dffe,100014,10
2026081404,a35ebc59-bcec-22ce-bd8e-4151cb867701,100014,10
2026081404,7de4f509-704d-daf2-dd4f-836eb8a309be,100014,10
2026081404,7766a9aa-14d0-18df-2b53-fe54d4e4c24e,100014,10
2026081404,426f4a2f-fabf-ed11-e28d-dfa7fda0df2f,100014,10
2026081404,7efb5e44-026d-c108-7050-ed93284a0ba6,100014,10
2026081404,5e7acd3d-65e3-0f6a-8a1d-d2ae4edf76d0,100002,10
2026081404,1b370ab2-ab47-7117-0aa4-f3540b461956,100003,10
2026081404,103a7c7c-b6e8-b0c0-bd12-8a91e26953ad,100002,10
2026081404,299448ef-90be-d316-588a-9b56f3581f74,100014,10
2026081404,eef2ca78-006f-461d-6619-adf0dc716f26,100014,10
2026081404,516dca89-b56c-88f4-06b0-88a30bd15b1c,100014,10
2026081404,1070df2e-99f6-7961-5432-6e663973bc80,100014,10
2026081404,8a0248cb-ba7a-2358-70b1-dc5887aaf7fb,100014,10
2026081404,1c79e98d-4ed1-2a3e-3f07-2ef6dc28932c,100014,10
2026081404,3b5152c8-331b-c4f2-be45-993147002167,100014,10
2026081404,eb18e52e-72a7-8946-4090-c6c8f8530fc2,100002,10
2026081404,35aed541-8064-9cab-a864-f6f4ee6e4d80,100003,10
2026081404,582618d1-72eb-057d-3abb-67120d9bd38f,100002,10
2026081404,33b5515a-cd40-8b29-4745-65a485088c33,100014,10
2026081404,55ce6ba9-e72d-e895-576f-63c9d5c59d50,100014,10
2026081404,fdff5a25-d95b-0a71-e64e-95dd6fd74e1f,100014,10
2026081404,9337e181-7198-5e4a-2592-06e1459b5359,100001,10
2026081404,ac64b58d-b884-5a19-2f46-734f64f5ac94,100014,10
2026081404,836707c4-0caf-8b55-d583-04e92fb911df,100001,10
2026081404,da9a4a76-517b-f8f9-9a21-14db4787ba4e,100014,10
2026081404,0290f57d-8282-5bbb-e5db-636e6a7fd0f7,100014,10
2026081405,0171384d-3d31-13f3-cea1-f5e1f447d1d0,100001,10
2026081405,4db46942-173d-8088-fb36-8af4c50a9f59,100003,10
2026081405,56a029ae-032b-1bed-deca-b2fb9f2ce6df,100014,10
2026081405,707d91e1-0d14-5b56-f1f0-f41030903f30,100014,10
2026081405,ca188a88-ad00-d78c-f654-ad4a354563ca,100002,10
2026081405,1990e147-fefc-091a-9f3e-03dea8f7d226,100014,10
2026081405,1a99f4cd-2e59-765d-68f0-91628ef5d385,100002,10
2026081405,198eed51-2862-b0ed-a4a4-476c5ed9bd63,100014,10
2026081405,6c0b3b17-9f82-50f5-4394-5ba639a4f260,100014,10
2026081405,0b219bfb-8edb-9940-6dd7-5ced666f7708,100014,10
2026081405,4daf5e08-da38-8955-4df0-0f71486a07c9,100001,10
2026081405,34236e0d-daa6-4262-c09a-0112048d4198,100014,10
2026081405,6935ae79-bd6d-6ad5-9fb9-6856aa1ad39d,100003,10
2026081405,d967950e-75f4-5b70-3714-7e5f9cd936cb,100014,10
2026081405,341ea94e-afb9-20d1-bac2-3202e3b102c9,100014,10
2026081405,b8896691-c764-c2ac-d668-9d371d58ff82,100014,10
2026081405,f7292936-b7d5-d6ea-88d5-627191b17e7d,100003,10
2026081405,ef8cb7b9-f86e-ae45-86ac-51306ba87707,100003,10
2026081405,6fcd3542-6e39-75ee-d28e-8209b169eeca,100002,10
2026081405,01013863-0fe8-8602-4375-f943053532f3,100014,10
2026081405,da9a8977-c317-5b93-914e-320773baf008,100001,10
2026081405,b01055e8-9f46-9629-405a-8f2727a5038c,100014,10
2026081405,53d06628-48d2-2fbd-ca4c-d8930f2a4cf8,100014,10
2026081405,4b426c3f-e14b-479b-3343-d29fff808fb7,100014,10
2026081405,9a2a2174-bc33-464a-55af-d63c8d6e7ae6,100014,10
2026081405,bf23e6d1-efff-88b3-a7af-b9c5fab796ac,100014,10
2026081405,4b9a3550-b790-359c-6590-14db2f685aad,100014,10
2026081405,4b93889a-7451-0164-4c36-e5a8ced39a4e,100001,10
2026081405,e40b8b2e-81d9-fa21-ce7d-865d43e832b6,100003,10
2026081405,fbe4e3c0-9f5e-8db4-fd5a-811e428c3f06,100014,10
2026081405,a10641e9-04b7-923e-d6ad-809ba9e333e4,100014,10
2026081405,ee4b9de8-9c6f-5720-2d45-e7c583d1601e,100014,10
2026081405,b3cc2229-d1c0-5a52-b5e6-0be5321d17fd,100014,10
2026081405,21e95e4d-699d-8e1e-1a6a-50f964222ce0,100003,10
2026081405,c3df04e7-6dc8-d5b7-0bc4-761b8669969c,100002,10
2026081405,e7fef118-7eca-6506-638e-df8f35e26dd1,100014,10
2026081405,f71da10e-19d0-eac8-98b1-581df2047d51,100014,10
2026081405,0307bf89-2639-89a1-392f-24841f171db7,100014,10
2026081405,3c2709f5-0f01-fa44-4c6b-950fa8b9afbf,100014,10
2026081405,70e6edcb-daeb-171f-dbd1-9ae473407c5b,100002,10
2026081405,8a1f190e-225c-6b23-4509-b30e53127e1c,100001,10
2026081405,c834d32b-af77-9d9b-c114-56c9eaf70bdd,100003,10
2026081405,bf546d85-7b1c-25ed-a0f4-b67cd7dfd8e5,100014,10
2026081405,062dc8ce-3dcb-df60-4495-71b3b5a95f29,100001,10
2026081405,5587909d-8bda-2c0a-6af1-c736e7f4c1e3,100014,10
2026081405,1dcd7c75-e492-6519-8f52-be63bfd7efbe,100003,10
2026081405,95d64477-0bf3-08e4-b2c1-477736f82ab0,100001,10
2026081405,63b0dde6-b072-e613-defd-e9b0985ac333,100014,10
2026081405,840798ce-28b7-c8ef-2f3f-d3ce487c261f,100014,10
2026081405,75f9b30e-392e-ead1-bba2-031c35dc9913,100014,10
2026081405,66bab0e2-68f1-047e-1c2f-1a165e56f321,100001,10
2026081406,cec01492-5226-f265-edc4-b2f24619a843,100014,10
2026081406,0eeabb9d-c6a1-f47d-a90c-3b50a2ff567c,100003,10
2026081406,eaee0099-bcdb-5b58-2a43-515938602754,100001,10
2026081406,5e760eb0-1c6d-b22a-f913-eb841e575a92,100014,10
2026081406,c470a6e7-edad-a249-11b4-bae196b5856e,100001,10
2026081406,035565ac-670d-f4b2-9f38-7cf0c43acffe,100014,10
2026081406,32a42a8f-e180-f010-c627-342b0be41a36,100014,10
2026081406,e129a71e-e6d4-3cd2-8bf3-a8b68ecfc9af,100014,10
2026081406,67610f84-d700-0cb9-279d-74381188c50f,100014,10
2026081406,fedd0f54-4f6e-a228-ad23-c245f9a58505,100014,10
2026081406,9c983b1a-ffb0-2a14-46ef-80abd3097144,100001,10
2026081406,8e3f6f33-566e-bd76-b78e-58c1f9bbf973,100014,10
2026081406,e9b4d479-92cb-ad5d-22f3-7c827026dfcf,100014,10
2026081406,873f9aef-790d-6ac3-8867-b9ef9225d479,100014,10
2026081406,85ae5e56-badc-4e6b-a166-97a2dc1762c8,100003,10
2026081406,4836714c-001f-410b-90c9-535b541814b2,100002,10
2026081406,3fe01034-2de9-db37-d4fe-4065c80537d3,100014,10
2026081406,66dc797e-7a90-3b3c-1c47-26f42bb36ce6,100003,10
2026081406,6e49c9aa-c4ea-525b-7154-5e7f5bcedd6c,100014,10
2026081406,c36e2272-4177-e049-6db9-6994eea66100,100014,10
2026081406,d8b02045-b5fc-b2c5-2207-692703931e92,100003,10
2026081406,882cd218-d482-ee26-ad16-a345824feab6,100014,10
2026081406,65ea27d3-4437-7239-b91a-491eadb5f895,100014,10
2026081406,c79984b8-6c74-d5fa-62d6-39d9a59e4e1e,100003,10
2026081406,26181864-2062-2ea9-ca10-b017c092c37d,100014,10
2026081406,97a1783a-0c3c-8569-a4a0-7d46d6e60cb2,100002,10
2026081406,5bfa4220-e675-db31-5adf-353d23c3584a,100002,10
2026081406,94106842-6a61-6d04-dbcd-3636275a38a0,100002,10
2026081406,653e0ca1-cc31-cf11-d630-b6b6a07cf72f,100014,10
2026081406,f6ddf9c1-5dab-86ac-7a72-d75d4a9b0c6b,100001,10
2026081406,231b710e-4f20-a7c9-0832-aa0d0500c42e,100014,10
2026081406,b928d355-7a54-58a5-aa14-b89c211db895,100014,10
2026081406,6f834984-96b7-6aed-696e-3f27897cd300,100014,10
2026081406,12bd9a1a-2e6f-fc8c-5867-d99ca03940f9,100001,10
2026081406,a5ed520d-d502-c6f4-c62c-df35fc8ab88f,100002,10
2026081406,b4e89892-92a7-cff6-4099-588ebb340857,100002,10
2026081406,baa0c330-1cad-96c7-324d-617875c4f91c,100001,10
2026081406,616e36d6-fba7-9dc3-9aae-60aa80a23b60,100014,10
2026081406,d5f2b7d2-9809-a61d-2c10-1ba24be830ea,100014,10
2026081406,550304d7-9ade-a7c4-538f-c45922d46a0d,100002,10
2026081406,8c11352a-fa38-f84c-f6f4-1d75f47a77a5,100014,10
2026081406,11ade1b6-47c6-eebe-ad41-17c16fdc2654,100014,10
2026081406,bca95ee8-ca03-ac84-3d09-da6b6788ebd3,100014,10
2026081406,0a94fb91-5ed3-7c82-7481-91c794f446c3,100003,10
2026081406,3c00ee30-f4e8-db6c-71e6-069e374eb67c,100014,10
2026081406,c073aa2d-1165-0f9a-0626-f0790e680475,100001,10
2026081407,47d4b4c7-e7bc-ec96-1bf0-cfd0a1bb7d7d,100014,10
2026081407,bf3ebcf7-03ca-d6bd-cdb2-15674e1dd025,100002,10
2026081407,f9e1bc16-740c-0ca2-fd0a-50b86e2da92e,100003,10
2026081407,88e8597c-e839-20de-ef26-4f07c9529efc,100002,10
2026081407,4d45a280-2ba5-e30f-c7a6-a70c9127d457,100001,10
2026081407,45da583d-2cf0-1b1c-ef59-a5566654a79c,100001,10
2026081407,a6bd3b18-e2e8-046c-063a-3323ff92fcf3,100014,10
2026081407,220b2e63-dc5f-c111-4336-ccddd54a3da5,100014,10
2026081407,53ec3837-1783-27bb-fc5c-18edf653b52e,100001,10
2026081407,eb9ebdab-dcd8-4ced-c772-d069b979e0b0,100002,10
2026081407,d37f80a4-74b9-77cd-cc36-90570395cbf9,100002,10
2026081407,da9c179c-b7e1-ccb6-8039-a4671346d3d1,100014,10
2026081407,ded52aa3-ca93-a7e6-1830-7ca824990855,100014,10
2026081407,4e78da84-6961-4db8-afe1-fdcfe1e1e85a,100002,10
2026081407,b7b5cbc0-b695-8b4d-1e08-7726a1af6ec1,100003,10
2026081407,c77fdb24-3a47-6433-9e1f-400d40a50002,100014,10
2026081407,f358170b-fa24-7af7-341f-6def86f8957a,100014,10
2026081407,57576f75-f5e6-4469-ee23-eef2f019af95,100014,10
2026081407,31154533-f37d-2d65-b208-14dc3982ff3e,100003,10
2026081407,1f5577ab-1b63-b8f9-8e0e-4ea017eb9000,100001,10
2026081407,eeb114d7-db24-4973-4d0a-61f0b39c01d9,100014,10
2026081407,635bb0cd-0c92-4fa0-a425-a84982127999,100014,10
2026081407,ec777e1d-bd20-3a1d-0f49-ffe63bccd453,100002,10
2026081407,c880e2e8-0be4-620a-7609-ae9d48fd4abb,100003,10
2026081407,0eeccb9e-12ff-0b02-8e54-0bed696b7028,100014,10
2026081407,89003085-e831-9378-0010-6bdeb24157d6,100001,10
2026081407,8be54c56-5b49-810e-0595-9ca66dacdae1,100014,10
2026081407,ff0941c5-79db-3ed7-b9f1-310d9095d56a,100014,10
2026081407,c51882df-ae53-eab2-f61f-8b07837c99fb,100002,10
2026081407,c1eb4d82-a682-2ed1-c90c-63301330bffa,100014,10
2026081407,6fb0dba7-d5a8-ddf3-4d2f-86fc1a36cd96,100014,10
2026081407,fca38f04-2a4b-66e7-f912-92d1e1989578,100014,10
2026081407,d1d85acb-771d-515b-66bb-74c810fd1440,100014,10
2026081407,065e8b51-7613-eadc-b952-c15ee5a7f6b7,100001,10
2026081407,f9b8808f-6058-c555-b8be-a005108e2220,100001,10
2026081407,ecc299b2-ef01-7ea9-6761-280ac925f63f,100001,10
2026081407,7bf60295-3bdb-7ecd-2516-b9698a0c3f62,100014,10
2026081407,d7560c5f-10bc-838a-4545-97ad7d4eb467,100014,10
2026081408,666f3c94-c5c3-71a5-5886-7eba4ed0aa1d,100014,10
2026081408,2015ea57-7c1b-5858-ea10-5e6e334b0441,100014,10
2026081408,c575bb67-e418-67d9-7b90-36772b5d7688,100014,10
2026081408,2fff41d2-3a29-0932-bad7-bf7585525906,100014,10
2026081408,6322f9b1-123b-23f2-4cbe-c77f0b3224a7,100014,10
2026081408,820a0edf-2650-fdf1-1010-2f745799f382,100014,10
2026081408,ee3f9d92-aa37-55ba-1c19-fc921138f7ff,100014,10
2026081408,ebfb1589-d923-aca9-c377-aa6f325a600e,100014,10
2026081408,bf6c68f4-1697-9889-8ef5-abd97e769807,100002,10
2026081408,10c0520f-db1e-fc6f-906d-2cee14dfa38b,100014,10
2026081408,81d58b05-026f-d5cd-9239-09341c75b334,100014,10
2026081408,9405f1df-9e8c-37e5-4443-cd86a542b7a3,100003,10
2026081408,549debd8-1908-b5f8-84fe-5927f8ce5f36,100014,10
2026081408,bb59c790-f294-2273-6bba-9581ceab6ebd,100002,10
2026081408,fd56812c-4a00-1317-dc51-39e8b118c963,100014,10
2026081408,08e7e8a0-e7c1-1b4f-389d-5595df65c63b,100014,10
2026081408,574927e5-9d8e-40d9-3321-fd96b68d4f74,100002,10
2026081408,c636e594-2e61-a2b3-5fbf-3f508448b096,100014,10
2026081408,9b71b512-2e1d-dd72-2c23-5f029d774b26,100014,10
2026081408,92ce08b8-211f-0764-1647-4aeaccc1c5e3,100002,10
2026081408,883d9e41-13b5-d1d5-ef1e-f2dbcf236ef2,100001,10
2026081408,739f493d-6bde-c4b5-4519-1772ef902b78,100014,10
2026081408,0376eb40-2c85-df74-12b6-e2e9c01961be,100003,10
2026081408,ba442c68-b102-66eb-12d2-fe48776e8f65,100002,10
2026081408,9759c570-4980-5a63-931b-b8a600e34443,100002,10
2026081408,7e22c024-0b6f-ad21-24a7-08fabdd84450,100014,10
2026081408,ad0e827f-6207-75c4-fc76-5f50b11aabe4,100002,10
2026081408,0732be4a-0cde-c5c8-2968-9a74f7863899,100001,10
2026081408,e0efe345-ecb0-9ce8-4154-dde9f516139a,100014,10
2026081408,75be4443-3a3b-f07a-dbfb-b6733ea9475f,100003,10
2026081408,49f97856-2954-2ecf-a72f-b4082330adec,100014,10
2026081408,36f8d5dd-d9b5-21ad-11c8-39ed96d4249e,100014,10
2026081408,c50706b8-f821-4830-ecaf-c2010e0977b0,100014,10
2026081408,b303bd8d-e06a-e0e3-2c6e-110cdbcdda0f,100003,10
2026081408,90e9920f-496b-56df-cd37-c8b919a996d5,100014,10
2026081408,9ea47a4b-ac72-5200-50f5-eda98f741bdf,100001,10
2026081408,2af64e9f-b974-ca99-7e5d-ed18e9bfb6f9,100002,10
2026081408,f0ee23fd-895d-4f21-0497-1a9d178257f7,100001,10
2026081408,24b5e648-f6f3-abd9-8bf4-f524ee2bb8b7,100014,10
2026081408,794caa1f-69ad-cc19-c1ba-13b0a6c73f60,100003,10
2026081408,fdab25d5-5701-c5bb-93b7-7d6e435c1ef8,100014,10
2026081408,c05ac9c9-37b2-793d-c364-88b4327dfeb2,100014,10
2026081408,321f540b-aba5-b5a9-598f-cff1b06f4fd1,100014,10
2026081408,72ad38a2-b629-923a-96e7-9ebe731a720a,100014,10
2026081408,15a5224b-177e-f290-f5b6-b2aee8c880fb,100003,10
2026081409,259985e9-4a77-eac0-b5ab-9338d28065c0,100014,10
2026081409,4af6ff92-941c-e9f7-a463-fade60c58813,100014,10
2026081409,80abfeaa-9334-5e37-367f-5f2be32c0563,100014,10
2026081409,64a742e5-8f89-acef-479b-e23f5055ea67,100014,10
2026081409,debbbcc3-483b-d0c1-60b9-45ee5d575edf,100014,10
2026081409,e19fc3b3-e11e-2523-fc10-2878da4b1ac5,100003,10
2026081409,0875a6fd-ddf8-fc61-52c7-06b36295573e,100003,10
2026081409,38ccdbec-66ad-a7e6-a203-5ec2c596e669,100001,10
2026081409,bb9d2f14-1a3f-ca5a-c251-7eca2ef26f0b,100014,10
2026081409,5318f88e-f6d5-950f-9554-26f247880321,100001,10
2026081409,fda8f3a2-b8fc-9910-34c6-e482d1ef6ed0,100001,10
2026081409,c133589c-f9a8-35de-5300-2e6d98e2191d,100001,10
2026081409,fb3447f5-15fa-b71f-2165-1e59ecf9b382,100002,10
2026081409,3ec8f61b-f084-4095-5cff-b8ada2642fea,100001,10
2026081409,dad6cf16-a441-bcc4-6365-7abdd8c17b88,100014,10
2026081409,7c4966da-c8bc-ea82-7f75-6d5f5104ee4a,100001,10
2026081409,92e5c560-fdb2-201d-1b41-0309c5343671,100014,10
2026081409,fe934e81-ff7a-4d65-774b-03d38b0bd949,100014,10
2026081409,2d8576fd-6156-79ab-47bb-7a6ebc6afd5d,100014,10
2026081409,b2a91511-6f0b-bfc6-6ebb-225b7ad7c0e9,100001,10
2026081409,1297b265-cdee-e8b1-0131-38bd9ab2d35f,100002,10
2026081409,60fd339f-5016-0bfa-cc27-53dcbefbe1f2,100003,10
2026081409,94a8a89a-0aa2-079c-1841-2e3ccc9d35cc,100002,10
2026081409,b2512646-cc1c-8525-2f75-5e23d33cc6ef,100014,10
2026081409,3f783a9b-e305-5d6f-9207-63bbfb6f31e6,100014,10
2026081409,9ac02a18-f0b2-fe65-21a6-861adad97d50,100014,10
2026081409,951a0e07-6e99-90bd-4ca1-d1813d4f2fce,100014,10
2026081409,9e7c10fd-4cbe-b1d1-79a7-f6ba002d11f2,100014,10
2026081409,422b75df-62d2-efc2-57cf-e509719f4284,100002,10
2026081409,ef8c7e25-6b5c-0584-96bf-7b7a551aa2f4,100001,10
2026081409,381a8ba5-dc0e-b849-16fe-b182319c910a,100002,10
2026081409,c264a7d4-ebd0-920d-47ab-6f39fa815e21,100002,10
2026081409,5cfa5d78-716b-6385-f4d7-2dee3d9a7964,100014,10
2026081409,33072906-0ee6-57a4-0c6d-30d2251b5b1e,100003,10
2026081409,d78ebb22-5bdf-7434-fa24-8ce248da6268,100002,10
2026081409,78dac4a8-53ac-75f1-445f-fc5b3cb1907e,100002,10
2026081409,90601659-44e6-5166-ff10-869aabcee561,100014,10
2026081409,d0f91767-cff6-bd74-1924-5a7c89f4a52c,100002,10
2026081409,9c43304b-1bab-3020-31f3-ee0969a63e51,100003,10
2026081409,ba9d4e38-7ed2-f679-2559-53e289b31b55,100014,10
2026081409,81ebdc5c-609a-1c01-65ee-65c922411da4,100014,10
2026081409,726b0a13-f870-c006-6ff0-6d6ca8e914ee,100014,10
2026081409,24276a93-105f-fbe2-6d77-bb7d91529c0a,100014,10
2026081409,f4fccb0b-3c4c-a9fe-3da9-50eada5249c0,100003,10
2026081409,e360f723-2f86-47db-2338-64573c7e4945,100001,10
2026081409,819bf78c-9b6d-d07c-662e-d6eb947d67f2,100014,10
2026081409,7743023e-34e9-ffb3-fb7f-70be9e999bbd,100001,10
2026081409,3111b064-098b-9208-6540-d5a24ba588c8,100014,10
2026081409,96f0ee8e-7690-7436-9286-02da7ade2169,100002,10
2026081409,68f71cd8-497c-3bf0-c940-417897bcf8fa,100014,10
2026081409,cea24ffc-6145-8313-6c30-eaf236be4568,100014,10
2026081410,49abf37a-6d51-85f6-bebf-cb843b3ef769,100014,10
2026081410,abb59f95-5a0a-c0c3-2cf6-ad39cc94298b,100002,10
2026081410,d8880f80-dc9d-a1c7-f042-9d4ac0fad83b,100014,10
2026081410,92cc3e96-5a43-34df-bdcd-4a55d9ee4f6d,100014,10
2026081410,ab0ab736-9547-0bcd-4b69-ae2509923118,100001,10
2026081410,d4543b6e-f7c1-86b3-9360-ee345a42a64b,100014,10
2026081410,3ed9b9d1-a5cf-cdc3-e67f-e1d8d5a6941e,100014,10
2026081410,3f97708a-9c7d-e06f-e365-edc3b15f66ba,100014,10
2026081410,b4bfc923-a7ab-8e1d-9368-4f38ae3c323a,100003,10
2026081410,d04a5812-b056-a868-8ae1-6bd3d07da92e,100014,10
2026081410,08b18d92-ffd0-0059-25a6-c50e2047f9af,100001,10
2026081410,b0235d79-349b-4b0e-6375-2d4a6112dbf6,100014,10
2026081410,3c758327-b6e2-d8fc-20ae-05101be835c5,100014,10
2026081410,fb9f9882-a926-9049-b694-c629c95681df,100014,10
2026081410,c77e1cad-d9c5-7020-2bb1-5b0886cfdd82,100002,10
2026081410,37d53e10-fc53-2e7c-f9f0-0394336593d8,100014,10
2026081410,6f868e52-04cc-1c0b-3951-fe3ffe260264,100003,10
2026081410,a8e6c319-a0e7-7ec4-7487-1f75a8263bbc,100002,10
2026081410,fbf884a9-5e06-be26-202e-bb12fe340ff6,100014,10
2026081410,80e947a4-18f4-02ee-2020-e97751c1a7da,100014,10
2026081410,14f3da7f-6cc0-0c16-6477-714caa0f67e2,100002,10
2026081410,aa13651d-b287-805a-b8f3-a2b2e80c4e3a,100014,10
2026081410,d85d3196-0ec7-cdf9-d320-c33226781ebc,100014,10
2026081410,33ed8a7e-66f9-8419-08b8-3207d925062d,100014,10
2026081410,3e1c383a-44bc-73ca-26a6-884f66bb4633,100002,10
2026081410,9bc352d0-ec83-ea90-79fb-da7466aa3004,100002,10
2026081410,afd57c41-c4c9-6e8a-9610-c79ea96b734e,100014,10
2026081410,daed2ec2-aee8-1497-f865-7e4e4083f54a,100001,10
2026081410,f4b76df3-7a10-d83a-4e00-c05dd630b067,100014,10
2026081410,19a75894-785f-afa8-8772-64efdc5d236d,100003,10
2026081410,efa32728-27a0-fe3f-7ed5-6244d0870349,100002,10
2026081410,89c3d97e-22d3-738e-c852-6f23e5a3a405,100002,10
2026081410,af3b3dc5-4cb5-db29-fa20-f73c4733fb19,100003,10
2026081410,0c7f1177-0589-2acc-7d31-26777c4e04a2,100014,10
2026081410,e359651d-8f2b-1399-1e99-811ecfd299ca,100014,10
2026081410,2057031a-7b40-6576-be3a-87fe7c34bc4f,100014,10
2026081410,8874d6bb-a3b3-aea9-8449-890a81118053,100002,10
2026081410,c065e5c9-822d-ef38-91e1-fc796f8d82f7,100014,10
2026081410,8ce4aaf2-e5d9-2575-624f-84e4680005f7,100002,10
2026081410,a6b9c20a-fdd2-6c75-71ce-c28dcb6d2232,100002,10
2026081410,e9ea6d1b-33d7-0976-6986-802ad521b808,100002,10
2026081410,8f145fc0-5bca-2c24-380e-b536807706b6,100014,10
2026081410,e25cbca9-c21f-ce91-26ee-b8e3725b690a,100014,10
2026081410,0b446628-ae30-e5d3-86bb-cf62edca5d88,100014,10
2026081411,d7545738-afb0-a0a8-893a-29274ffc98e1,100001,10
2026081411,dc85d777-f0e0-dba9-1623-bd06cbb29a5f,100014,10
2026081411,9adc81d8-9968-0f1d-8f3c-51bb8d93e963,100014,10
2026081411,167aac90-d75f-0b01-af36-756308085ff3,100003,10
2026081411,4188e000-4336-eb8e-f396-9ead7e41f674,100001,10
2026081411,d7d51291-e1ae-a0e6-0695-2dfb4c9ab589,100002,10
2026081411,b4f297b2-9b20-cd47-5e48-44434b330476,100003,10
2026081411,0d917e6b-5383-945c-d76e-11f645483005,100001,10
2026081411,2356c84a-c49c-f46a-441a-272c76077f8e,100001,10
2026081411,08a7dfca-ab6c-678b-158e-deeafba5fcb9,100014,10
2026081411,57459120-7b3f-360f-fa4b-9e0ca89f3a06,100002,10
2026081411,790e908a-0d06-9b2c-dfba-fcfe6ea83829,100003,10
2026081411,c375991e-c449-3526-48e5-5ef811a7405d,100014,10
2026081411,3d6e6128-ab01-fe41-8824-b7b290bbc4c8,100014,10
2026081411,2a06dae1-87aa-4390-51da-7bef2eb21719,100002,10
2026081411,b01ccb82-4f27-e73b-af43-9647d5dc9a24,100002,10
2026081411,93c3c720-f0ad-9a9c-91d0-553674049070,100002,10
2026081411,e8e88e1e-1141-8dcd-378d-3a493514c33d,100014,10
2026081411,a8d6361d-4ce3-7939-c9b8-9dc8236e790e,100014,10
2026081411,2edddca6-ec32-35ae-235f-de74379fc7e3,100014,10
2026081411,948fccea-3044-3d81-c229-95202f02d79c,100003,10
2026081411,c64a1653-03ea-fa9c-8aa4-c952395b8aec,100014,10
2026081411,4852b0e9-24e9-c6f1-75a3-b733cca59560,100014,10
2026081411,a7d66a61-143e-dece-4c48-e4160ec78d42,100001,10
2026081411,d8aa7f07-0fa0-5628-8267-6eb5fbfea100,100014,10
2026081411,52c43832-da23-6d4a-5f02-ec2de0bdfbaa,100014,10
2026081411,8d968c85-866e-95f7-74fd-4a013f0415ac,100014,10
2026081411,185c0901-6d65-8fb0-dd81-08d8d0906d3d,100001,10
2026081411,e8d013b0-8823-a0de-9746-336fce31f07f,100014,10
2026081411,c7e9f61d-c140-5100-d81f-956cb9d316df,100014,10
2026081411,2291dc00-45b5-bd57-1030-da33847430df,100003,10
2026081411,a0f65976-a04b-1317-24e4-613392ad52c9,100014,10
2026081411,152aea76-dacc-a89b-361b-1581f8a5c85c,100003,10
2026081411,aefba467-c58e-9ca5-2a00-0f8ac200f8f4,100014,10
2026081411,910bd9d9-a7c1-d17a-c6dd-06018cbaab96,100014,10
2026081411,22152fd2-d858-55a0-4b23-9048f3e52164,100002,10
2026081411,49aed41f-7c9e-4102-90ce-5006376d787f,100014,10
2026081411,68ebbfb5-c864-317a-e20f-ac27c097bde3,100014,10
2026081411,7086e4f1-af74-062f-b665-fe55e0a41e0d,100014,10
2026081411,e4461b8e-d8f4-06cd-61c2-795ee31a3521,100001,10
2026081411,fee79c43-1a21-395d-2a05-86ba3f6d291e,100014,10
2026081411,17a8ff2e-455e-1275-1d7b-7262d3a23e85,100001,10
2026081411,ed7cb8fd-ae77-6af3-2a35-1c8852c48070,100002,10
2026081411,4a341a55-c6c8-8587-a3c6-bf1f439c8c47,100001,10
2026081411,61648ea1-c3a8-34a5-fcde-0c2a0d29fa8e,100014,10
2026081411,bd6a6655-853b-0122-08d8-f54364c67c52,100014,10
2026081411,1a2fde0c-5533-cd05-eb0d-c42ead8b677a,100014,10
2026081411,5b6d3f05-bfc4-f36a-15c7-0f43939d9bf9,100014,10
2026081411,25a14183-96ea-e1da-d94f-26c83acbff0a,100014,10
2026081411,89b2ae03-10bc-1a24-85b6-7a4c20470d78,100003,10
2026081411,d332a052-e26d-91c3-819d-2e126d1e3b60,100014,10
2026081411,00a09edf-920e-8926-cf43-0174ef85a975,100014,10
2026081411,5fa811cb-d9f4-38f0-a1c8-b6a128854447,100014,10
2026081411,5d14e52c-4dd4-0e95-a340-11c3e457d0d0,100014,10
2026081411,6daf927d-2106-22c2-1524-c5a4fcf029a0,100001,10
2026081411,4b66368d-c3a1-a085-288b-71caefd4f240,100014,10
2026081412,ba2a3772-db43-ed9a-8b1d-8f6374668342,100014,10
2026081412,74c0e830-372a-9623-bf79-9039136c3158,100002,10
2026081412,bc63b162-e928-26ef-8230-dd4f822b3454,100014,10
2026081412,aa67a4f1-0639-c429-83d0-ad0f62dbbe5e,100002,10
2026081412,f75cb4e3-b6eb-17cc-e47d-95272066d04d,100014,10
2026081412,36ea6a33-d543-33f3-4c9c-58167a911f79,100014,10
2026081412,5983f35a-4f5b-155a-ded2-fa8e2c73573e,100014,10
2026081412,a156a82f-7228-b147-2ae7-b7a56a7ed66d,100001,10
2026081412,63d97851-337a-b73e-3ab4-9719ea9683d5,100014,10
2026081412,96a55d8e-9610-8813-91ea-12c140faeecf,100002,10
2026081412,622c3089-90b6-7a04-2c33-1954a3ce0230,100003,10
2026081412,201d47b8-3708-59b3-0bc1-5a8043bcb8b8,100002,10
2026081412,697b087c-75e8-7abb-1245-13a701b2481a,100014,10
2026081412,df84ba28-b894-31ca-5dd9-d4b6d3c5e39f,100002,10
2026081412,ba2eda60-8442-ed33-3ab4-7b539601e1fb,100014,10
2026081412,dc2eebad-479c-5693-3da0-a238d49f55ef,100014,10
2026081412,a5a2a69e-fe01-88e3-ae52-b5cf911d2cfa,100014,10
2026081412,0a26e28d-0e8b-5bc9-b313-d5b0382288a2,100002,10
2026081412,b9dc3a93-2f44-4043-e1ae-145b1174aeea,100014,10
2026081412,0cac18d9-3a62-2b98-1070-e5c27f05d986,100003,10
2026081412,8a7619e0-cd25-1d14-a221-dda215d5302a,100002,10
2026081412,ffa12b44-3c66-855c-44b5-163c2b878b0e,100003,10
2026081412,228e858e-b1eb-c29c-42ad-bd4701d596a3,100014,10
2026081412,df632e8f-6569-3f1a-ccc3-41666d526bd4,100014,10
2026081412,4feb1c5e-8d7d-7c86-92bd-9c2e0a4fea94,100014,10
2026081412,302d7e1e-97c0-b325-5b08-7d79a4dffac2,100014,10
2026081412,ed5f1584-678b-1017-e8fe-e58d6291fbeb,100001,10
2026081412,a235e204-314e-b197-7a46-ec3bbb564311,100002,10
2026081412,03d0e782-8d8f-7d09-7954-26705ca80bab,100003,10
2026081412,7546cd6c-3a1b-001e-9b88-7a78773bc4bc,100014,10
2026081412,ecbf45e2-a2ab-6d40-1e96-5566d2a8b499,100014,10
2026081412,6039c793-46bb-f52b-e7ef-626fbff96ab6,100014,10
2026081412,099f88da-29e8-a812-9cbd-1ef15b44a781,100014,10
2026081412,eeeaa46b-5de5-c03b-b36f-5fcd51829ed2,100014,10
2026081412,34957420-6ad6-b78e-4666-9a47b4b4380b,100002,10
2026081412,0e23abbf-9427-2171-a473-71714369a2a3,100002,10
2026081412,51bc1dcf-992d-1225-6cab-3c5a276eb41a,100014,10
2026081412,4f64b723-59c3-0919-da68-41b96eb19826,100014,10
2026081412,143e6dca-97da-db4d-6749-a30aee58e1c9,100014,10
2026081412,c1d2bc46-2bf5-fab2-ff26-23eaeafefa18,100002,10
2026081412,ae37fda6-4765-b18f-9cde-859156461e78,100001,10
2026081412,a39c0903-0771-22d3-ce91-5cea36071d9c,100003,10
2026081413,6dcf048d-e47b-8dae-da5d-a48b46ecd8c3,100014,10
2026081413,ae322380-1d9f-332a-bca3-b386c538a365,100014,10
2026081413,4c5f0d63-1137-da40-5e4c-8b7c930e3138,100014,10
2026081413,d31958c1-f71b-295b-e9e4-145ad7452289,100014,10
2026081413,a6577a17-4b53-d0ff-d35f-cbec12bf4d21,100014,10
2026081413,e58e1081-a1d2-2ccc-cdf2-faf140f48623,100014,10
2026081413,0b187686-b038-6e3d-5a89-3a00f34bacc4,100014,10
2026081413,f0ad5556-50e1-4195-e39c-3ee8445d7360,100014,10
2026081413,d4b4d29e-f8e5-b575-8d67-ec26d76cb522,100014,10
2026081413,8df499db-cbcc-1720-29be-98f8ddc37bcd,100014,10
2026081413,8cd491ee-5e15-da8a-3722-01172aeb37b3,100002,10
2026081413,de799d2f-d564-b78d-e462-98538f7186a2,100014,10
2026081413,d1f7b245-6720-7448-37f4-ffb8e1d1eb15,100003,10
2026081413,40d92a34-78e4-8fe2-584f-d312ba2ac06c,100001,10
2026081413,ece225c6-dd66-5b8e-866a-bf1a86dd9ff8,100003,10
2026081413,c67b5135-d625-cdda-ad48-12bef454f9a2,100014,10
2026081413,b0851250-c74c-f858-518d-e5b803e8850a,100001,10
2026081413,5bb6dcf8-ac6d-6e4c-5f0e-70ded977b7d7,100002,10
2026081413,c6cac524-9559-6faf-129c-e338f34b4e17,100014,10
2026081413,a1fd117d-ccde-060e-c1b6-ce06fd9d6550,100001,10
2026081413,95028fd4-524c-edbb-d006-606fc47e2524,100001,10
2026081413,54e448af-e0fa-d0a7-2475-d02c98c448ad,100014,10
2026081413,ca4604a6-9a19-be00-1c2d-624a94df8a6e,100014,10
2026081413,0ebc4f34-192a-02ec-7be4-a90fc2e6f51f,100014,10
2026081413,900e66d3-1a22-20db-3333-f92ec91358e8,100014,10
2026081413,4dae3f11-afb2-0ffc-cc6c-cefb1e26a914,100014,10
2026081413,362de517-6295-eaea-fc2e-f30769fbe7d2,100001,10
2026081413,b6582b4e-89b3-00f5-24e2-6684365cf969,100014,10
2026081413,4948e232-1335-18b1-11d8-8bfadb2a747c,100014,10
2026081413,fe9f0909-4763-0d14-7e6a-1935dddf3b05,100014,10
2026081413,ad40e6b7-d71f-7211-2907-48bb4a3f688b,100003,10
2026081413,c066f21b-d13a-73f4-a96e-3ca1e989cd28,100002,10
2026081413,ab45ae48-a89c-31d0-9576-85c5c16bed56,100003,10
2026081413,01458711-9352-847c-7d3b-71a1eeb7559e,100003,10
2026081413,397c7aaa-79a1-5697-df1d-54d2d0b2a853,100014,10
2026081413,cb980ed2-be51-476d-1492-8e6edde5134c,100002,10
2026081414,c7e970a4-a2c1-be66-c96e-2cd9bc15c621,100014,10
2026081414,afd3d4a1-5e0e-c4a2-c86c-5360cdeaea85,100002,10
2026081414,5bbe0c7e-1319-78d9-b7a1-87aeedb3d871,100003,10
2026081414,797cc19d-b064-1277-0be5-ad786f80aa1a,100014,10
2026081414,ff5b87f2-53d2-ded9-817f-b64902de9ced,100003,10
2026081414,f2b88186-b040-f978-de8f-9188cd1e2c73,100003,10
2026081414,9930a94d-1a96-b7f4-04b9-614ab63d6ec1,100014,10
2026081414,f8c1a6ca-b989-b473-9ddf-42671a94dec0,100014,10
2026081414,1425a286-0e75-b192-ce47-a8c40841d638,100014,10
2026081414,2c52b875-f32e-be08-677a-486a1a03746c,100014,10
2026081414,3583c0b5-03cb-6696-772b-362f07d0f45d,100014,10
2026081414,5426ffff-f4c0-507b-98f1-16cb0d9ca6c3,100014,10
2026081414,e2a05de0-0ce3-9359-7da8-d97375897981,100001,10
2026081414,7ef873ac-8df2-5b5f-6f86-9c92e5026069,100003,10
2026081414,22e46752-0473-ca59-d0b1-3522ee1092bf,100014,10
2026081414,44dc5d39-97b2-35a1-b3cf-59faaa58dae2,100014,10
2026081414,e5c5b7c5-f0c8-5240-aca1-dada3d121d4c,100014,10
2026081414,dae2e238-4c13-43dd-f1f9-c31dc9cc8882,100014,10
2026081414,40574fc9-192f-4311-79bc-862f27fc4c57,100001,10
2026081414,52689390-3c07-0587-f74f-5c37c89a3a93,100014,10
2026081414,0ad81068-9443-3845-f8a3-334ca7e44556,100001,10
2026081414,2c6af794-9a3b-1e66-8a83-0066bcbb6a0d,100003,10
2026081414,8e7b11d2-ef5b-ec61-3c28-1fdaaaae3ce9,100014,10
2026081414,2b11cf9e-5541-8aa5-2208-7675ddea0e6b,100014,10
2026081414,5a503fe7-e8a6-1edc-4c93-f120f4cd8b20,100002,10
2026081414,a294857e-e451-d4db-6196-6f55d306a090,100014,10
2026081414,7713b0f1-bbbe-59d9-c14e-566d293064af,100003,10
2026081414,2892a493-4965-3e41-b21d-205583deeb30,100014,10
2026081414,e544d5d8-4ff2-b4d7-c7ad-080afff711d6,100001,10
2026081414,9538412a-9979-8130-ec2e-17f03deeecef,100014,10
2026081414,140e039f-fbcc-2ac8-8742-05771213f6e1,100014,10
2026081414,8c95c3c7-a6c9-5d45-706a-b44a8660432b,100014,10
2026081414,d99956a6-5a1b-4785-e94e-27ab9c88b96f,100001,10
2026081414,ab8b4ae8-5b13-fd37-35f7-0681e836e84c,100014,10
2026081414,e613720c-ea47-f29c-e3ce-8c8715edd3f0,100001,10
2026081414,23df40da-87d7-88a1-9fb5-0aad36187712,100002,10
2026081414,c83b6c27-e8fa-a888-ea64-61d886b2e605,100014,10
2026081414,b98e7acd-610c-0ef8-9380-409d7544b8ec,100014,10
2026081414,9cb48f60-fe33-1509-a54d-be75998b3d37,100002,10
2026081414,78047c34-8fd5-3279-9d02-fde56a31f6a6,100003,10
2026081414,bef405a5-25d3-c1ca-2efe-19058e8cdc90,100014,10
2026081414,27f77e94-c7ea-b5d5-c1b5-7af111092443,100014,10
2026081414,345e08d7-9dc2-7562-ac54-550c98a3788a,100003,10
2026081414,d00f9c15-8bac-2378-f8e8-3d2f814a11cb,100014,10
2026081414,a7e8c722-c408-662f-7a99-23757914674e,100002,10
2026081414,1e2ee760-61ca-918f-447f-f00c215014b1,100003,10
2026081415,4940080d-2767-f2de-7793-26125aded4e2,100014,10
2026081415,6b53252f-8940-0c01-0325-c691bd10d484,100014,10
2026081415,0cf2ef59-3305-18a4-0ea7-9e967f6c414c,100014,10
2026081415,a8d3969b-a347-8420-9463-7db501535f02,100001,10
2026081415,4a21569a-d5c1-2098-1620-bfbd6655d6e2,100002,10
2026081415,defeab90-5805-d4a3-e89e-097f41fe5829,100014,10
2026081415,c19f4327-eb10-761f-2f72-4f74330dd8d4,100014,10
2026081415,9232405f-5c4a-9fcd-4b2b-258d88176188,100002,10
2026081415,655a5f9b-6f60-75c3-5fee-c6194e9eb0d2,100014,10
2026081415,5570cd81-9100-3c34-c40f-129b68aa7450,100003,10
2026081415,55b55659-7440-bd5e-5d2e-ea4c33061642,100001,10
2026081415,cad2e90f-bf35-17d5-94d3-427fe4fa6b86,100014,10
2026081415,b9a371ca-1da5-ed19-16a4-9d7685717c57,100002,10
2026081415,96ea8735-e8d5-ae3d-032d-61aca87f9f6c,100014,10
2026081415,15fb86aa-27b6-0ce6-5c29-86971f22dc14,100003,10
2026081415,328f4179-6893-5517-28f2-a786bb05c48a,100014,10
2026081415,d42fff51-6ab2-277f-f4c0-5bebf920defa,100014,10
2026081415,4a5f77e1-a709-4258-6466-ee43605ff7dc,100001,10
2026081415,d532c352-d766-c932-c093-ac3ff1803527,100003,10
2026081415,e420723f-d4d5-031c-c907-487cfcf0961a,100014,10
2026081415,61300d1c-18af-bfb1-81db-a4579b6d5751,100001,10
2026081415,3ab66c1b-1658-1a52-754e-aabf17a7796e,100001,10
2026081415,d542001f-f044-1638-f64f-a0215175253e,100014,10
2026081415,86b4889f-3abc-e5ce-6cac-dd4a2d327d5a,100014,10
2026081415,de8af92c-7e05-4d50-82cd-d080372f0905,100002,10
2026081415,560d7814-3cc8-fd36-69c2-d388378ea8d5,100003,10
2026081415,06324466-2812-1fd0-288e-4a2a1bba0c03,100001,10
2026081415,3ee9b58e-5f70-0a86-20d2-716aa22ccaf9,100014,10
2026081415,a816769c-b0ac-08a5-c7ed-4ec418c7718d,100014,10
2026081415,946f3422-d425-8ba8-7c64-9fc1f193fea3,100002,10
2026081415,bd717916-0989-2231-0b2f-cf019322d907,100014,10
2026081415,22ff504f-3277-7405-3506-a80122ea29f2,100002,10
2026081415,ba1413ca-bb2e-df87-88d1-2c077680b6ae,100001,10
2026081415,83af5897-e72a-961f-f76b-7f9c2850582c,100003,10
2026081415,3be66f6a-d3b8-5f47-2425-918323d27410,100002,10
2026081415,fdd20001-4d7d-59e9-37b6-c990e8228551,100014,10
2026081415,11ddd189-2cfc-777d-f84d-258a1ddad94c,100014,10
2026081415,ccb60737-6d52-62ac-181b-e26efe0cf157,100003,10
2026081415,2fb77366-484b-cf15-b90b-ac6cb8f6a5c8,100014,10
2026081415,2efe6817-f391-451b-0a08-e0b808e8c24d,100014,10
2026081415,dbb500e6-bc0c-5a55-40ef-88e47ef66729,100014,10
2026081415,7cc6f339-5c80-91a8-0670-7caa15bdf15c,100014,10
2026081415,3b21c680-2c33-e9da-fac9-0ffec6e85dd6,100014,10
2026081415,5bf3dfe8-4f39-2f84-6337-7093ed2dc858,100003,10
2026081415,4e8a94f8-75f2-2384-6521-a5d4d5e4ef3b,100014,10
2026081415,d80f9c98-56ba-9033-e9d0-5388fb13abcc,100014,10
2026081415,f72d82fa-ba5a-13b6-f0c7-8ca2cc39d7c2,100003,10
2026081415,01e7fa5f-617d-937b-3382-f18e24f4d6eb,100001,10
2026081415,79b9484f-64ab-d0c2-144f-961057690110,100014,10
2026081415,503a50ba-4dd1-9215-f991-e1af806d7a78,100001,10
2026081415,a5da49af-08b7-a23c-1745-3678946e9d76,100003,10
2026081415,6654ace4-95fb-2b0c-8598-bf25f5398fba,100003,10
2026081415,9c8311ad-c08d-8d7d-492d-9b6ac67ce5b7,100002,10
2026081416,ad26613e-36a0-dbb8-8754-538f947db22e,100001,10
2026081416,d1ed55d6-07ec-0c60-ce05-b8e9af08e727,100014,10
2026081416,6325789a-7e16-ab1a-e439-4dc9a7260c67,100014,10
2026081416,0ef369ff-307d-9cc3-0082-2bb83acdb0a4,100001,10
2026081416,3987272f-0c7b-6242-fb83-9fd75f2aacee,100003,10
2026081416,586c65f3-6082-8d9d-2859-d6af1fbfc121,100002,10
2026081416,de7fef17-10c3-37b6-0c5f-d6eee156b26e,100002,10
2026081416,03bd32c0-323f-0775-ecc9-b125a2710334,100014,10
2026081416,0cb92424-678b-a362-1561-5313a2657491,100014,10
2026081416,6641fe45-a393-670b-af14-bbef7f962d4d,100014,10
2026081416,bf8d0a22-3b87-cc30-e5c5-6afb2db5d160,100014,10
2026081416,a23c682f-cb2c-a21e-2617-91682183979a,100014,10
2026081416,f5e0cb4d-145c-d1e2-ef3f-d369e4d71a47,100002,10
2026081416,0b56616b-dba3-0f42-08e1-46eea2524488,100003,10
2026081416,be47b0d9-7b03-2165-1cdf-08e1f466ec99,100001,10
2026081416,8692898c-f2f3-b457-afd2-4ce6a19193de,100014,10
2026081416,c5a5ad86-3eb6-bb26-7d64-1bc25584f4d7,100014,10
2026081416,c8a10788-a010-cc1b-6801-b35eb24a3322,100014,10
2026081416,98a5991b-1a52-5cb9-e757-c628566d456a,100001,10
2026081416,271d5e4e-9a44-4edd-9331-d09a7481197c,100003,10
2026081416,054459ee-a21d-9cfc-a60f-8befa855223b,100014,10
2026081416,cb453738-c0da-0f6a-b694-4f3e4a757f69,100003,10
2026081416,f2295b26-6746-7bf3-0e2c-41f4485a3c82,100001,10
2026081416,c3d53a7a-4b5e-152d-f42e-f3433197acd0,100002,10
2026081416,f263f79c-3d6b-d5e5-19d1-4f36a99169b0,100014,10
2026081416,2360c60d-6483-4ca7-0252-2a75fadf06c7,100014,10
2026081416,877ec441-fb88-6b8e-39fa-621be0f9d11d,100002,10
2026081416,4130aeb6-e50d-d4a9-4c32-39ee11a2d258,100014,10
2026081416,839b2dce-f6da-34d0-bcef-c885f0a78057,100014,10
2026081416,f65e9f5e-4905-a046-c71a-33334a1636b1,100014,10
2026081416,0a87087f-683d-dc62-bf85-a794441c3f46,100014,10
2026081416,b9c615af-7251-15f8-fddb-7deaa637cbef,100003,10
2026081416,95d9eedf-609a-2c29-88da-f46285aa1061,100003,10
2026081416,bac3d593-3c00-0f0a-a1f9-ace76907aa28,100001,10
2026081416,cb5a4eaa-9b82-4752-6fd0-ec275af1e480,100014,10
2026081416,704468a6-7a48-cb26-fd82-59994b8a4a8e,100003,10
2026081416,9757bd04-91aa-64d9-69e1-1d2e419f5296,100003,10
2026081416,84f8fe37-fa03-1386-7352-b7e99641a84f,100002,10
2026081416,8f69746e-0123-99da-b37d-20eddf7d3bc1,100014,10
2026081416,27fb537d-e84f-448d-bd03-885acd8073eb,100014,10
2026081416,5d56e2de-58fa-f35c-ccbe-f67bbdd0ce8a,100003,10
2026081416,7953ef7e-ad36-5127-a15a-69e5388b892e,100001,10
2026081416,30296e0a-4645-edf5-a07c-d803092073fd,100014,10
2026081416,7da57ada-aa3a-6946-473a-65c18bd51a4d,100014,10
2026081416,140ec517-7e2e-cb51-6dfc-b66c6c482f14,100014,10
2026081416,e68b51f1-efa0-8ad3-a635-acecb0b81a4b,100014,10
2026081416,8f59106d-f58d-54c9-09af-8cb675b70969,100014,10
2026081416,6cf3ab73-5b82-b35a-04b5-49b433f1e2e9,100014,10
2026081416,2ca47c15-a9ae-310b-09b2-9b03f4176b38,100001,10
2026081416,44137513-225c-bf48-5055-983d6b7c9e6f,100014,10
2026081416,d0f07941-a485-30ff-ca61-a478a1f8ed4b,100014,10
2026081416,1d22133e-3641-1d0f-5924-2057ff69d6f1,100002,10
2026081416,98c2b9b3-492a-6280-2d18-9e06ce828a4b,100014,10
2026081416,49d4234b-c0b5-f146-dc1b-33e8a53043d4,100014,10
2026081416,f582487e-fc94-2e45-c0d0-9aad561fc74d,100001,10
2026081416,d943f919-a79e-671c-7eae-e34b105859fd,100014,10
2026081416,ae878c3d-227b-158b-0317-107086378d99,100001,10
2026081416,ac858f70-4d43-7f59-4c35-1752e9715d07,100014,10
2026081417,f3187a1d-3f5f-2051-170b-54dae2d7c2e1,100014,10
2026081417,95765408-44bd-fd4b-59fc-1e9365a6ca55,100014,10
2026081417,fede2784-dd51-7008-756e-234a8c872958,100014,10
2026081417,5bc43ea5-1d33-4550-2b74-a984adbf8294,100014,10
2026081417,bb0f9cb9-b834-844e-6c52-10059f4849c7,100014,10
2026081417,2d30ac55-9fde-0e1f-6b6e-6492633ffe35,100014,10
2026081417,39d2425e-4de5-d88c-5720-3b654d5874e8,100014,10
2026081417,66c64c8f-478e-cd43-b106-fb6713b548f0,100014,10
2026081417,0e520c26-e55f-0f75-54f4-2b97f30861bc,100014,10
2026081417,ea39e4b8-f692-4868-453f-cdbc5f1b73f4,100014,10
2026081417,e7c959aa-87da-89c2-1e3b-c8d01a9c5f76,100014,10
2026081417,898703b9-b59c-979c-d9dd-2908ebd0e48e,100014,10
2026081417,5ffb4ce9-d9cd-719e-9d3e-3c6b422eeb84,100014,10
2026081417,8365c1f0-1af8-8c0b-c351-efcf948e36ec,100001,10
2026081417,664e4997-6baf-a88e-937a-f1b6320e79e3,100014,10
2026081417,0105b755-a4c1-c890-72c9-04848345ebc7,100014,10
2026081417,444668fd-15cf-38a4-aafd-1558ef07b180,100014,10
2026081417,c604c221-1ec7-3b43-95be-3c52177c3147,100002,10
2026081417,bfd89351-57a6-165d-3d19-caf41ed6bf1e,100001,10
2026081417,3c11c30b-1fee-fb8e-de1a-02fd93f7fc71,100002,10
2026081417,12fed7ef-04d8-a104-244f-d01a261b41fb,100014,10
2026081417,ac4e1b56-41b4-cb56-c7f4-9a531bf0aec3,100002,10
2026081417,ae143998-5f53-d5c8-b823-1fca9b14b741,100014,10
2026081417,ca5c0cea-3950-0d74-660d-ae972224ae6c,100014,10
2026081417,2938dd09-e50c-ca11-7b11-bf0facd2ef8a,100014,10
2026081417,497422e0-03eb-0824-cd00-18449afafa77,100014,10
2026081417,513a4694-c73e-3ccc-494f-c7eef0d2065e,100002,10
2026081417,e8670be8-eaf5-633f-07cd-f4ac34ddf56c,100003,10
2026081417,e90d01fc-bf5c-d4ea-edeb-69248d0b614c,100002,10
2026081417,d7cb1502-b060-070a-9b75-52e602e63472,100014,10
2026081417,67802c0d-8ed0-70f1-8868-d7328418e6ad,100001,10
2026081417,0807b883-a135-0bd2-5700-88ba58c0f224,100014,10
2026081417,e71c797b-8198-350d-1799-ac180c976cc1,100003,10
2026081417,bbea5d33-2f71-3b90-126d-3d0a680a6114,100014,10
2026081417,a47f95c4-a73e-96e2-2918-24eaf05a9c61,100014,10
2026081417,80727446-7b3a-fd99-fe6a-caeed0850ce7,100003,10
2026081417,eddc7c17-b83a-659e-35a5-58bec27bd3fa,100001,10
2026081417,7d4ab186-a938-e2cd-d4a7-2087da243f68,100014,10
2026081417,d061d0fd-1c9c-12c0-2e2f-698ddc068f6f,100003,10
2026081417,64816361-375d-861b-21ce-5027d836b3c9,100014,10
2026081417,bda71b40-9b80-18bb-c940-b5c9eb16937f,100014,10
2026081418,a2c3e73f-cf95-af89-cff5-55ad3444d06a,100002,10
2026081418,77d71e15-7c23-4c7e-9c75-b693033de06d,100014,10
2026081418,5062978a-b435-ce58-ec5e-61d2c4c5e812,100014,10
2026081418,39a46e15-04ea-f192-4901-433c56d39fb6,100014,10
2026081418,bdcae30b-ec89-ea1f-6f2c-4c40e8677fbf,100014,10
2026081418,37623eb0-f491-1d5e-88fd-805dec82ada9,100014,10
2026081418,5df66afb-f654-70fd-aee7-f0db30801a68,100001,10
2026081418,1faa4b3d-6deb-3249-2105-71c21f95feec,100014,10
2026081418,0fd9fed0-37a4-b84e-8acb-4024c1ed2810,100014,10
2026081418,066d4252-115c-2586-b702-8db08e6e4e3d,100014,10
2026081418,cd833eeb-0261-093b-c6d9-2d8675907b58,100014,10
2026081418,9afe736d-3c2b-c696-17fe-3838dc3c8a93,100014,10
2026081418,99d1cfa0-dda8-4f02-0ba7-cfd92a0868bd,100002,10
2026081418,3e23a8cf-4e98-7670-ddba-85805584f9c0,100003,10
2026081418,b97d8ba4-07c2-ed03-6107-2e8bcfca67e7,100014,10
2026081418,fe7b41a2-4127-519d-ed30-9bffa319cefe,100014,10
2026081418,f889eadc-4aee-b3da-3351-a3277fc43c92,100014,10
2026081418,a74f202c-d55a-d3f2-810b-392aa9889187,100003,10
2026081418,2f57997a-4e71-8da0-928c-7c676f7adda6,100014,10
2026081418,ab159adf-8284-d895-f163-36001b27a627,100014,10
2026081418,f478ab4d-a046-0e1e-eb9f-36b0515296ac,100014,10
2026081418,b88cdc3e-4f51-93b6-a015-7a68857791d6,100014,10
2026081418,46b76bf9-5b96-f5f3-e3a6-b15670620824,100003,10
2026081418,acf5ffdb-ffcf-fea1-ee39-f46a860ce0ac,100002,10
2026081418,eb636edf-8923-dea5-776f-10bb193669bc,100002,10
2026081418,6b58e6c6-05d6-1b03-d11d-56c011c44fa2,100014,10
2026081418,fc79f17b-cbc9-2bdf-054f-dd88ae98df2d,100003,10
2026081418,276be6d2-9cf8-a7ca-87e3-44e6965af254,100002,10
2026081418,b9f2384f-fc29-1e1c-aca7-1d276305013b,100014,10
2026081418,26eb2ed2-f222-4ff0-8dcb-fc01a60880df,100014,10
2026081418,1ff43cd5-03f1-cbeb-2643-69ff36dc33e3,100014,10
2026081418,4f4a9ed5-d23a-e203-a0be-7dcb535f2d7a,100003,10
2026081418,583b70f1-8bfa-9a88-0d2b-440ec8935c42,100001,10
2026081419,74ad6b48-e875-1c38-bef0-0765d0e940dc,100014,10
2026081419,4697ab45-07d0-160e-cd0f-a9c4fd25c5c9,100001,10
2026081419,a9ddfa17-b6c9-1bd8-7834-fb40775a1071,100003,10
2026081419,9b17ad09-bbb2-6020-8d71-30494bd34a8f,100001,10
2026081419,5f9e675d-817c-0206-efe7-634941f727f4,100014,10
2026081419,df1238b7-354a-9d4d-a906-59b745360178,100014,10
2026081419,7dc5e414-b792-2b76-054b-e0bb0341190c,100001,10
2026081419,e14d361f-a1aa-6c10-bc4f-2d097f31929e,100014,10
2026081419,e97a1044-1f81-6a6d-68e1-00efa7800120,100014,10
2026081419,0cbc63fc-76fc-4a91-a725-79284c062f7f,100014,10
2026081419,cf34745b-1737-53f6-09e3-4f57cb982194,100014,10
2026081419,3cd6e879-1d9b-c259-07c0-ee37b77e3e61,100001,10
2026081419,4692c895-3112-db8e-21d0-773b38556e92,100014,10
2026081419,6bbe8578-612b-1808-b77e-534741f4e6c7,100014,10
2026081419,21dd2afd-6306-afa3-1373-b9e1124a031b,100014,10
2026081419,24d5fa7a-b688-7e06-0e7c-54e978440a17,100003,10
2026081419,7df56e7b-b10c-f484-3b68-cfa0b4e24cb5,100003,10
2026081419,cf86c292-51cb-e760-d9f8-cbcbd621e585,100014,10
2026081419,e71a04e9-e894-8075-fb75-16f7a06087cb,100003,10
2026081419,401f292a-786f-6f81-caf0-7b8722dde748,100001,10
2026081419,cf10250f-9747-09a8-82c4-47e77d89086d,100014,10
2026081419,df4d1266-34f0-3cdf-e6e1-93088a198eb6,100002,10
2026081419,152b83a1-58a7-c40e-c640-6c5810ecebd9,100014,10
2026081419,12fa4d19-05ac-2ea7-34ae-49c5c42821d1,100001,10
2026081419,22f40a1c-5f07-60f4-7723-00231b712c67,100002,10
2026081419,d9e0a51e-dd56-0b67-0dd3-c0c2ae69da83,100002,10
2026081419,0307b207-fefc-5c3e-a536-911a5944a29a,100014,10
2026081419,c8e093d3-c5dc-60c3-c957-1420d6b635e3,100014,10
2026081419,abb9c7e4-da01-493b-9a16-a903ff6449dd,100002,10
2026081419,28d1bc4a-b4af-436a-7952-448eeb442728,100014,10
2026081419,e64937e0-3f6f-99d6-54ed-f3eb33282438,100002,10
2026081419,c6e0d36c-bd95-9c31-5886-2ca19560ba02,100014,10
2026081419,ef84a26f-2041-101e-05eb-06a3e3fb1dd2,100014,10
2026081419,28bef4a4-3f21-25db-0655-127822c1ee52,100014,10
2026081419,2a48fdf2-0ea9-1e63-4658-389a4df58cc9,100014,10
2026081419,d0c81880-689c-275f-4be2-29299ee39b3e,100014,10
2026081419,fd3ab47b-0925-dc36-ac0c-02b85b5c05f8,100003,10
2026081419,653dd67f-185b-a3a1-5587-60f24a474bb0,100002,10
2026081419,c0ab3234-e8d8-9728-4dc0-14398bce3f1c,100014,10
2026081419,48b2f253-0718-1196-a208-1edec2044653,100014,10
2026081419,90d9980c-5226-226b-dc9c-12b3e190be0d,100001,10
2026081419,d19c0277-aecc-a1e5-af4e-2691bfb7207e,100014,10
2026081419,e6ad378f-29a8-bac9-6e98-ad5dcff81d07,100014,10
2026081419,24c10676-2487-083b-2d1b-09508b251cfb,100003,10
2026081419,af78e458-2559-0d99-c27b-41a50904c37b,100014,10
2026081419,921fc15f-9185-ed70-e420-a3f493d1f0a5,100014,10
2026081419,d702ad2d-fbe2-69c9-0a05-245d5e6dde4a,100014,10
2026081419,e7d1b6ee-7557-4124-224e-71bb1bf1d7bc,100002,10
2026081419,60ba820c-be0e-aab4-b110-2fee92496da7,100014,10
2026081419,09f4a3a5-e8fd-e74a-d849-2ecad03a28be,100014,10
2026081419,2e5850f4-84e8-97a2-13ac-53e81da3c8e6,100014,10
2026081419,dfc2febc-3cd0-f269-f8a0-93c261440d18,100001,10
2026081420,41afc56f-c9cf-58c7-0c22-ca4b60e194de,100014,10
2026081420,6ba1fe1d-7c4d-66e1-0489-ccdfaf7cd682,100002,10
2026081420,f30a6231-905f-8b19-235f-b4226a02a3e8,100014,10
2026081420,51a68eac-e63b-693a-a38d-73ab3c2f0a78,100002,10
2026081420,7f5de237-0418-efdf-3f32-1dacb1e84e9f,100014,10
2026081420,09215c33-8091-8934-6bc3-20f7429a342c,100002,10
2026081420,c6109cf0-802f-af8a-67f0-a1de1c8b88c9,100014,10
2026081420,570be62b-c4e6-1a12-ab1d-f81ac8eac3e0,100014,10
2026081420,52a12b35-8496-e23f-cff1-14ac431af4e0,100014,10
2026081420,99a28c94-da98-595e-57b7-5ac12fce8034,100014,10
2026081420,2c7ea805-ef52-0acb-2419-3e35d33ff774,100014,10
2026081420,aadd3367-28f0-2836-4cb7-94db3e8036f3,100014,10
2026081420,bc8d8f3d-0313-2b0e-9404-9ac1a9b2fda5,100014,10
2026081420,5e04f298-f979-1837-106f-494241bba47b,100001,10
2026081420,5e90a3a1-3879-74fd-3348-c27f4bf4a2eb,100001,10
2026081420,55e32723-f071-3d0b-83f9-5241aa74ada9,100014,10
2026081420,5311b21a-d276-6776-36d4-8bd0257c6cc6,100001,10
2026081420,993c17f6-e833-9d6a-9f5a-7295ce26390b,100014,10
2026081420,673e2929-c256-cf33-0956-83a622e9106c,100002,10
2026081420,14959c1f-f50a-8f11-0194-2830feb0939e,100014,10
2026081420,e87b4d0a-8c78-b5a4-4576-bbbd26a0849e,100014,10
2026081420,5e5b4791-172f-4f72-237c-6bea4f0539ff,100014,10
2026081420,abd04113-c8fc-62ae-4d89-e06580a409c4,100014,10
2026081420,2e9af234-18a5-59b2-62ae-fce79820d927,100014,10
2026081420,4935766e-6485-4e56-d641-6fc2b931832c,100002,10
2026081420,3a647504-e99e-16f9-ec08-dbe0bceeeea2,100014,10
2026081420,c959d798-ba37-8a64-f915-3d331edace94,100014,10
2026081420,1bce08de-292a-7309-4581-1d597f467cb2,100014,10
2026081420,9f0a7757-7c83-1241-29ad-e0d5ca29411b,100001,10
2026081420,dcd36b5f-0956-65d9-c6bf-eeaca892d202,100014,10
2026081420,e44f83c4-ece2-1bf1-2c38-3cf0c05273ea,100002,10
2026081420,2705d444-ec03-e8c3-1da1-be97cbd2f8be,100014,10
2026081420,196f1c6f-fa3e-e299-4d87-66a7d0dfaf33,100014,10
2026081420,3d41cbcf-83e6-99cf-25dc-b486898f3d49,100002,10
2026081420,46a75dc2-757e-c43f-7b4a-20a40dcb5920,100003,10
2026081420,105aede9-bf54-0127-24d7-bec93a9b86cd,100014,10
2026081420,a9b21bdd-bdd5-5e51-31ce-94ca1372afee,100014,10
2026081420,5b409485-823e-46ea-cd0e-ba65a3ab571e,100002,10
2026081420,7d01938b-0276-2d31-acd5-e9a9d421f252,100014,10
2026081420,ae89304d-41e0-1a2a-c224-d439ab6d2801,100002,10
2026081420,a313a46c-b8d7-f77f-859b-5f04ec6a90d7,100014,10
2026081420,fc1b7940-c3e4-f0f4-899b-16ceca1d639e,100014,10
2026081420,1e98ef5f-0cc6-293f-72c1-80025b3aa597,100014,10
2026081420,4bbc5fb4-4da9-9d02-9769-cd01d09175fe,100014,10
2026081420,a85b6990-f908-85e7-d60f-90357014aa7e,100001,10
2026081420,dc3c6e0b-1a54-fc4e-7c7e-ec7520bc9419,100014,10
2026081420,5dfab6bb-2ae2-7983-6138-a78bc73002d3,100001,10
2026081420,9c2a6fe6-fd90-f82a-f61b-803bdaa7a461,100014,10
2026081420,dc2cd412-d001-4fd3-58ad-8272b829094e,100014,10
2026081421,fe65621c-638f-4ab5-d46e-3a5b0cd82dfd,100014,10
2026081421,b31f0398-6464-04c9-6aa7-336636a8ccaa,100002,10
2026081421,057d5720-d24b-a34d-7654-5c9c461a9150,100014,10
2026081421,84fa5f37-241a-a83e-2202-b593ab0c2d19,100014,10
2026081421,e804bb1c-ce4f-d5c8-c811-0be67e92cd94,100003,10
2026081421,943784aa-82bd-f892-b50d-2c239a7d4684,100014,10
2026081421,af0fdba5-ef9b-ce29-5968-abefa6c0e8dd,100014,10
2026081421,b81752fa-811c-8a76-cd96-ed6de01132c9,100014,10
2026081421,f82bbf3e-a8b3-e357-1371-4dbc72172fec,100002,10
2026081421,92cb5e35-97d9-94c9-8c61-8912545c6e2c,100002,10
2026081421,e806a8c4-bcfa-4476-cb69-5d88bd17703c,100014,10
2026081421,c3b603a3-e3d5-a216-d12d-7a6220c6174c,100003,10
2026081421,c0cb4b56-7141-011a-4c51-853e95854d8b,100001,10
2026081421,590eb697-a6c7-66a5-944d-78ba2073beeb,100014,10
2026081421,14cfe379-b1e8-91cf-c1c7-1954ffec1ddd,100003,10
2026081421,db929366-a584-a9c8-43ab-d05d127f8fa7,100014,10
2026081421,75d7f2e6-af2c-7937-9a20-350e0836cc5b,100014,10
2026081421,0c26159c-e993-2f83-730c-978d6570eb93,100001,10
2026081421,d284622c-66f6-c327-e1c3-9b311e2ef57b,100003,10
2026081421,3243d5f0-4507-216c-7045-ec119dfb7914,100014,10
2026081421,9eadf01a-ea05-030b-929a-d50a528d4503,100014,10
2026081421,d6894bd2-0e6d-90ac-cc6a-5eb950aa2e6f,100003,10
2026081421,0e5df989-6ba5-1784-7611-7b2365cdc8e2,100014,10
2026081421,f5bc01a8-a83e-fbfb-8345-f6b7649d3947,100003,10
2026081421,1a76adec-1636-2886-7ba5-17725371acbd,100014,10
2026081421,df4ad5d0-3b3f-8e1b-89b9-4f3a2e6cf0d0,100014,10
2026081421,0183fdb6-cf8a-d9a6-1952-5e1315cd5adb,100001,10
2026081421,7bc88f9e-03f1-edd0-af1a-c29ff2471cbc,100003,10
2026081421,1efa50ac-3a3e-4078-b8ed-5024ac1ec8a4,100014,10
2026081421,2aa0efc3-dc5e-c8c1-6e60-2a6933cc481c,100014,10
2026081421,87b63248-3cdb-5770-587a-2b4e18af5414,100014,10
2026081421,5f03763c-088b-34fe-d872-02ee05bcd01e,100002,10
2026081421,7efb91cf-8005-a88b-6c98-61b576d42afa,100003,10
2026081421,53b67d44-f896-8f1f-db4b-1cf783aa62ff,100001,10
2026081421,724d2fa9-37ed-bffe-33d6-9db62a640fbb,100001,10
2026081421,05c4179f-76e6-c57e-1605-9e2c0a35e98b,100014,10
2026081421,3bec72c2-383a-e20b-dad6-9983bec3029b,100014,10
2026081421,dc6dd56f-b86d-4b8c-8f2b-f00237a2b9ee,100001,10
2026081421,09ac45a8-72d0-b01b-5e10-80638dd3057c,100014,10
2026081421,beb32c89-205a-90fe-bd65-06e63dc1995a,100001,10
2026081421,4610826d-cdc8-594f-6d09-e21775fa6301,100003,10
2026081421,080502a2-958e-9302-4358-cfbc6938186f,100014,10
2026081421,0c9ce867-db61-6920-19f2-adcd09f3516f,100014,10
2026081422,85c2029f-998e-5911-9fc3-903474725f9a,100003,10
2026081422,0ee6a7cb-81ea-42fa-955d-62b2870d971c,100001,10
2026081422,cd7a5ac6-d685-86b9-a461-2e0e241fb2b4,100003,10
2026081422,0449821f-5ebf-e9d2-ce55-de9c34d97338,100001,10
2026081422,23012b5d-93c0-47d6-c3fc-cb986d3be639,100003,10
2026081422,3b753e33-58e0-7bac-5000-e0d070f07b6c,100014,10
2026081422,139ab771-3994-1d74-ba29-a1380dd4067c,100001,10
2026081422,ab05b22a-1fab-beee-663d-9443e9b34e23,100014,10
2026081422,d851c2e1-cafb-c49a-7299-28850d21ba98,100014,10
2026081422,a40c2127-5092-3b55-1745-8ed4db3d667b,100014,10
2026081422,93472087-271c-9329-27d1-d247bfc51faa,100014,10
2026081422,9ab1de01-4723-2b3b-a204-5125e2bf05bd,100014,10
2026081422,46aed5a9-0c3b-b24d-6390-a692abf8a442,100003,10
2026081422,0ea2719a-254f-603e-7fe3-0a2368caf1dc,100014,10
2026081422,f3a30376-a510-9a64-2afa-757ea2119a56,100003,10
2026081422,d64c5a0b-667e-16ce-3b2a-1dfb8203e91b,100014,10
2026081422,7c6f4e33-abd6-3a89-4017-fafc3a321964,100014,10
2026081422,df11c280-6f89-710a-43c8-be17ed1c5440,100014,10
2026081422,3e2042c5-a51d-22a5-46a1-3f0e7c3b9027,100001,10
2026081422,446a95ad-6161-566f-4d7a-e83000a39cc6,100014,10
2026081422,2ebac5a5-c744-cb44-57b1-576f8f1c837e,100002,10
2026081422,d4e41bea-ce80-516f-d142-b7e2c1cad0ff,100014,10
2026081422,ca8455a4-37b8-d3bf-9b2c-4cf9e55e3e86,100014,10
2026081422,313c1279-4e7f-92e6-2445-a56ac7b367d5,100014,10
2026081422,995e6853-4392-e22a-bccc-dffa6de84e33,100014,10
2026081422,b2145ff6-074a-7b30-9de1-23899e04fa41,100001,10
2026081422,12eb340d-085e-bfc2-2d96-aab1fb1f2641,100002,10
2026081422,5236af93-5de3-6613-43ca-147dbda39e7d,100001,10
2026081422,a10acf43-09c7-8df9-bad1-76bf9ed2457c,100014,10
2026081422,4f45a01e-06a9-5d8c-bd8a-7f4fd2865c02,100014,10
2026081422,58b41296-ea41-d129-b619-d20be1d80e1c,100014,10
2026081422,32d93d79-8798-dae3-92f0-3269c0b4943c,100014,10
2026081422,229071e1-95e3-81d9-ddef-c479cb8f3350,100014,10
2026081422,6c34f5b3-870f-ff2b-91d1-6159481db9e5,100014,10
2026081422,353e237a-f67b-3843-3f41-a360f235450d,100003,10
2026081422,fa76b831-9aff-9626-e2ae-def0fddf4879,100003,10
2026081422,faca4df5-fbff-cbaf-e2a9-466f15152a56,100014,10
2026081422,94747b67-7447-7bf7-071a-d16bea4441ab,100014,10
2026081422,59bc0e44-59d5-4efb-dc3b-ce5fa98d17e0,100014,10
2026081422,8f8e4f91-de1d-e5a1-9577-501b89e671f4,100014,10
2026081422,74c446ff-a739-d5a8-1086-669e42773db8,100014,10
2026081422,9c08c545-2926-fc2b-76e5-5009704a2f1d,100014,10
2026081422,37a56196-e507-1531-24fa-ce7923078b5e,100014,10
2026081422,09cc4dc8-b629-5137-988f-8117906a4c51,100014,10
2026081423,9ba7533e-47cd-cc26-9ae5-d3db32cb9070,100001,10
2026081423,2c80ae27-cf0c-6fb0-2bc1-2a60e20e7a54,100003,10
2026081423,9a1e56c2-7464-4816-b723-f7b33618b901,100002,10
2026081423,45c0fb3a-8465-ea80-e72f-367e53053382,100003,10
2026081423,179d6fca-dc4b-03ce-3cd4-a03be520e626,100014,10
2026081423,68b9029e-1518-cbfc-4942-96cde8c3d42c,100014,10
2026081423,ef2da7c2-23bc-ae5c-4908-763c96cb7b7c,100014,10
2026081423,a7404f78-deb3-dd57-5420-40a395663645,100014,10
2026081423,07faaf7c-8161-f15b-1324-8deed710fa36,100014,10
2026081423,bcaf5025-21fb-a162-7267-a02fd919c5cc,100002,10
2026081423,3dc799b9-4c89-8963-994f-0e4617de50d6,100014,10
2026081423,f9683d0f-dec6-ce18-c2d3-fb2d09a5ae05,100002,10
2026081423,6eff62da-4cb4-d0f3-edc1-7b8ed67734bb,100014,10
2026081423,d54ef1bd-f46d-2e12-907b-0981606b79a7,100002,10
2026081423,a2e61dd8-0ce4-0d9f-d5c1-6258d510c983,100014,10
2026081423,57364c24-dd1e-788a-bbd1-2810d7714ad2,100002,10
2026081423,cdb3190b-6573-17ff-8560-be799326d923,100001,10
2026081423,7899aed2-bc4a-3a4a-aafb-1e6f7baf64cf,100002,10
2026081423,7b7ee0fa-b02e-6acc-2890-f2aef5a1b7c7,100014,10
2026081423,2efdfa0e-2c47-122e-63d5-d2b42c956913,100014,10
2026081423,fd6ee9fa-eb78-8d1c-1198-86826063e126,100001,10
2026081423,cf1dcf6b-8d8e-cd32-6bed-99dbdc0be6d8,100002,10
2026081423,64757d4d-9a1d-f782-b455-d28669f34d8f,100014,10
2026081423,f4b8fa7e-230c-ffd6-bbf8-5a96d15453d0,100001,10
2026081423,7e75a7bf-a744-ec1a-68c1-072450125ba2,100002,10
2026081423,b11dbed0-d2dd-ce50-963c-8d6e2fd7ea83,100002,10
2026081423,1b9ac0dd-f70e-bb15-b916-0c1ca1878893,100001,10
2026081423,a03663fb-61ef-592c-4998-5e67f6f744c0,100014,10
2026081423,7ecd46f3-586f-356f-0338-57ca52138358,100003,10
2026081423,97e4b701-1c1f-7255-a309-dc88747f28a5,100014,10
2026081423,28188bad-dc16-ac80-15fb-f4b41e93274b,100001,10
2026081423,baf156e4-ff45-48bd-9461-4beaa80d0d29,100001,10
2026081423,6509b5f1-711f-155c-ef6d-fb7ba343c676,100003,10
2026081423,63854dee-48ef-1e21-3b01-fcdca6970e32,100014,10
2026081423,beef9a58-e08a-923a-0cea-b1e7afcf9302,100014,10
2026081423,1fa8dbe9-6e86-dbc5-8256-85d7dce97801,100002,10
2026081423,1216f097-5eb1-e702-3328-a1a42d327a0a,100014,10
2026081423,41292630-6ed8-5bbf-1d8c-3ca95d8b06c5,100002,10
2026081423,86dae433-0aa8-0fb9-6617-0214c2e1d15b,100014,10
2026081423,f8c7cf6b-6933-3daf-3538-9841c1e9693a,100014,10
2026081423,35019512-4ef3-18de-aaa8-b30b72a56663,100003,10
2026081423,f740df54-278c-5956-116d-cba4b9ef0b32,100001,10
2026081423,b53b0501-e164-7323-6916-e23d18aac159,100014,10
2026081423,f29b1a94-1f96-3e12-ce55-e4ae81c911b5,100014,10
2026081423,a09d53dd-e2c7-be32-8db3-eaadce69f565,100002,10
2026081423,63fdc740-d108-8ba0-8526-2877c34df7c1,100014,10
2026081423,e342e7c2-c2d9-dccf-9d7a-7ae456d9309b,100003,10
2026081424,014321a2-5b03-69bd-f6f8-c0f98e2f6cbe,100002,10
2026081424,3552c722-78a2-8389-d3c0-b1851e8d3c41,100001,10
2026081424,0338ccea-078a-a62a-d941-8655453084cf,100001,10
2026081424,c8d366f9-9e5e-ccd0-3465-0bc0c24eafa9,100003,10
2026081424,0733073b-e513-fccc-4a03-23be8e239de7,100002,10
2026081424,21a21715-ff19-7010-8695-3f4e7d734da2,100014,10
2026081424,b7ce6363-7cbb-c27c-eca9-7933401e5676,100014,10
2026081424,cd6acc1d-f444-9023-66e5-0d937a01d2d0,100014,10
2026081424,ff47fd08-9d73-88ef-0d72-11411b694ce9,100014,10
2026081424,a5a30a79-fab7-e423-aebf-aeefb5b17be3,100014,10
2026081424,5a71a009-2f32-3d20-81a6-a1fe7c4a68cc,100002,10
2026081424,3c297a9c-c141-cba4-d670-aaff070f3dd8,100002,10
2026081424,c04b6866-45d8-0f47-a936-ce0307d4459a,100003,10
2026081424,2cdab813-aa73-f485-ad4f-7cfe17897f8d,100014,10
2026081424,5edefb3a-05df-6cc9-5e36-bee77b36bccc,100002,10
2026081424,8de50045-8937-2eed-d1a4-5599b9a036ed,100002,10
2026081424,20617b41-181c-88b4-55e9-5d4050d156cf,100014,10
2026081424,9fdf9866-540b-d3ae-18dc-285a713ea43b,100014,10
2026081424,5af58255-ed88-a42e-280d-0c1fbfc3dd22,100014,10
2026081424,63545bb2-b347-4d5b-86c8-0a7be20b4b87,100014,10
2026081424,d7c2c2ee-f887-37e5-3fa0-55312292cea2,100014,10
2026081424,9d00d64c-b2b0-8d5a-2a25-f8e4debc2647,100003,10
2026081424,b5ae3c6d-b000-cfc5-0403-7e362e82fc6b,100014,10
2026081424,38532a2f-52fc-a936-5e16-da7343329d8f,100003,10
2026081424,48c06520-75dc-d333-8735-7de21d47b667,100014,10
2026081424,6ed7fd04-354c-e6ea-d8f0-415c7f5de0ee,100001,10
2026081424,8adc9cd2-cadf-43d1-1383-8c1223e28ccd,100014,10
2026081424,f9933c5d-158e-96fc-b4f2-47796ed647c9,100014,10
2026081424,4996dcb2-db00-ae50-dca4-4725bbcce66e,100014,10
2026081424,504202cb-145a-ffd9-0259-39a92ffb17b5,100014,10
2026081424,33814048-3cf6-652b-6594-f9f16c8d286b,100001,10
2026081424,3633ff4c-4c2b-fd1b-ce4a-09e609585553,100014,10
2026081424,b26a1d5d-3bdc-0ad5-2a98-1d6f3dbbf745,100014,10
2026081424,491be6db-8381-7bb2-1ea7-9c7bdd7efb4d,100014,10
2026081424,22d38e8e-c722-05ab-00dd-bc9282aaf94f,100014,10
2026081424,b1f48136-38dd-98e0-ff6e-53e5d76c5b92,100014,10
2026081424,48338a7c-abcb-af2e-4e49-bfa8187a6261,100003,10
2026081424,c73a63b3-eca9-5948-33a4-ffbb2ff5de98,100014,10
2026081425,db4f32bb-8118-cc41-ebcb-78049d3c8bad,100014,10
2026081425,70eacdac-7173-42d2-b1d4-ad576dd6b0bd,100002,10
2026081425,6c4fbc9d-79e0-a973-731e-8f41fb3fe3cb,100014,10
2026081425,585f38bd-d056-9df4-c6c4-3d9932b64e9b,100002,10
2026081425,cad0097d-76f7-4c2e-5c7b-ce4110f92829,100003,10
2026081425,a5073e63-64a9-c46b-cf56-e1d1ce4a5fc1,100014,10
2026081425,4d719dc3-6ee9-fb62-cf56-229c970b07d1,100014,10
2026081425,45ccdb28-9d01-9fde-d769-e144ae4e2917,100014,10
2026081425,a7e62536-d19c-22f3-34c3-e69666f944cb,100001,10
2026081425,60f8aecb-942e-5546-e2ce-adb6c93562cc,100002,10
2026081425,ec2d2a10-2520-46b8-db4b-47c1549deaf8,100014,10
2026081425,4589c528-0e47-ba95-e90d-2ea002b74363,100014,10
2026081425,f472f0ac-d1fd-777f-8736-2fef263768ff,100002,10
2026081425,24aa90ff-5169-18d4-756d-772fc7cfc330,100002,10
2026081425,dfde9962-8351-f6d8-b6b2-373951daf557,100002,10
2026081425,7df2738a-9b2a-151b-5a24-ee0c2f63beaf,100014,10
2026081425,a4a296ba-2ccd-de19-1216-3874f1630e60,100014,10
2026081425,a0869f27-36dc-30e3-4e77-9aa0c498d9d1,100014,10
2026081425,db0d3e40-bd28-8112-2258-567a3f6e1323,100014,10
2026081425,f36359f9-e889-ff7d-bdf8-cd8ff4b728c1,100014,10
2026081425,c2a4ca55-78ea-6c3c-be1e-69c6fb1b4317,100014,10
2026081425,058bff38-7387-5acd-9217-a9ac423c9151,100003,10
2026081425,2dd4139b-7de2-43a6-094a-f27e2fb62f57,100001,10
2026081425,2f832220-0dbd-8631-8e36-02f2f7e3f423,100014,10
2026081425,3da568a8-84aa-1228-300c-90a6acc8b2d6,100014,10
2026081425,e0fb7a01-de52-e6da-6545-57df0fb3c34e,100003,10
2026081425,f407b8db-3b3b-dd4d-f20b-952cc114133c,100002,10
2026081425,b625a1c3-77f3-d8cb-c6da-8ef68bd10cef,100002,10
2026081425,913c2ec9-9d2b-9afc-c3e1-b87f357f7c48,100002,10
2026081425,d581b76b-0557-efe9-9454-2446bbec2364,100014,10
2026081425,d9812abd-a157-f85e-e4b5-69b4ceddb0f9,100002,10
2026081425,d28e9b8e-d2e4-047b-c463-63fb3fc188a6,100014,10
2026081425,87cc316e-8b84-272d-64d2-5b4c656ea6d5,100014,10
2026081425,2ce4cfe0-8e27-79a9-4fd7-d4cf901ab19e,100003,10
2026081425,bedc5fbb-d0cc-d271-eef9-c9fad01d03ab,100014,10
2026081425,2a7f60ca-ae6f-4840-f320-4400b99a3c31,100014,10
2026081425,02b0cb9a-686c-a526-83c6-4f62961dbeb5,100002,10
2026081425,f342ed65-5515-53f6-6638-6154169148fe,100003,10
2026081425,c1b196bf-0421-93c9-355a-7723cb413b4e,100001,10
2026081426,20a36fbf-7c48-b2fc-8349-983110e84bad,100003,10
2026081426,3c98d41a-7234-edee-1a96-40f3c4a01afb,100002,10
2026081426,aaaab3cf-ee92-a24b-cf36-c77a291c776e,100003,10
2026081426,32ba447f-d5d1-3d5b-22ba-b8bf132d10a2,100014,10
2026081426,ef635fec-2c00-a51c-6e9a-435f98dc4f0f,100003,10
2026081426,b03e76d2-d2e0-ab06-48f5-43602139b8ce,100014,10
2026081426,d25b115a-e22c-cc9a-247b-ad38d20441a6,100014,10
2026081426,db219869-04be-96aa-c028-229d1279a076,100014,10
2026081426,9b646a3c-5b89-31fb-855b-a2db36053cd7,100014,10
2026081426,e7c9826a-bdbf-09ab-6ca8-3cc09863a59c,100014,10
2026081426,58bd522e-ef4e-de36-e678-adaad6e9b03c,100002,10
2026081426,942b099d-a3c1-707e-3bb1-9707af9fb55b,100001,10
2026081426,be44d1fd-3f4e-2844-a5bc-af3cebb19639,100002,10
2026081426,f44d500b-8199-3eb6-fc6a-d05fd9614494,100014,10
2026081426,bdff9e75-a5a8-f5b6-e18b-22b4a9399c4e,100014,10
2026081426,6e1f6276-6e0c-a302-c37e-80c1986d78e3,100014,10
2026081426,54cf8ebf-f308-20fa-8f82-bf2b6f91147f,100014,10
2026081426,c9f19cdb-6452-fde2-4b47-8147e669e9c1,100014,10
2026081426,2c8cc294-c8cb-76ec-bd87-149c1e2d4a20,100001,10
2026081426,da301f32-530a-f8d1-fd8a-d85963d4f340,100003,10
2026081426,88983eaa-3e7c-959b-7625-f19d8db40dc8,100003,10
2026081426,c0a601b8-cde5-468b-717a-64d8273e010c,100014,10
2026081426,8e509358-2557-76ad-0a99-cde06eb03867,100014,10
2026081426,bb5fc5cc-1dd3-9608-64ec-cacec0a790ab,100003,10
2026081426,48bbf29f-5751-9c9b-3828-81d6bcb39e79,100002,10
2026081426,0e83a031-ff90-7761-f029-cb6302af23f7,100001,10
2026081426,dfef1011-0487-329e-0bf6-d11b69d2a6de,100001,10
2026081426,bd1bee04-e580-076b-fb06-0c2fd3a37c4d,100003,10
2026081426,fa1f0e2a-2545-3c34-e7fe-2f85bad896f7,100014,10
2026081426,613b46df-c871-3e06-41fc-7b261d185658,100014,10
2026081426,509c7f3c-fc87-1fb7-34ed-13270a19d182,100001,10
2026081426,9d730142-a071-0764-a0c4-3c87ccfb4c4b,100002,10
2026081426,85c5822e-ed67-7c80-72a0-ed332776fc5b,100003,10
2026081426,8599b665-0c88-16eb-0c84-daa0573ea3eb,100003,10
2026081426,b9e0e2eb-df45-e132-1c07-617f04542ce4,100014,10
2026081426,d3690fcf-2010-1a34-3724-0083f896967e,100002,10
2026081426,4e075593-f079-4dba-a49b-69536d14d738,100014,10
2026081426,282b73f8-02c6-1f6a-2984-599faeebad99,100014,10
2026081426,ac6a2103-3117-cbaa-9d7d-6d9a15d8c9af,100014,10
2026081426,f066c861-4324-0b99-e2d4-89e67e622878,100014,10
2026081426,fd77de87-d25b-767b-3afe-789c03f29441,100001,10
2026081426,1c53ddb2-802e-a29a-5f5b-227f0af64799,100003,10
2026081426,f3fa9591-f694-bdd2-0386-aa00e676f6b3,100014,10
2026081426,854063d0-0bc3-26f0-45ac-a0a2e18dc725,100002,10
2026081426,e7271ab9-20b4-3b9a-ddbf-8a49b04d3d6e,100014,10
2026081426,5d5c8837-488b-4d16-f8dc-7003254dc431,100014,10
2026081427,2d5093b7-03dd-2c5a-d009-fac81cc1f13b,100014,10
2026081427,4c1b4f69-b2e0-92b7-8241-fb1ff18c2c71,100014,10
2026081427,bcab6d01-5960-77f9-eeed-d5097969926c,100014,10
2026081427,a7e2aca4-d637-e5f3-92ce-7228cd47626d,100014,10
2026081427,0eab5f05-1622-c031-68e8-a7e8df5db98f,100014,10
2026081427,d7daf975-772a-7d6c-ed80-769b3994c9f2,100001,10
2026081427,c11c6e3b-4c96-df0e-0031-707eaa2fb6c0,100001,10
2026081427,80bece4c-5dd7-1871-2a20-2e6a9b54c73d,100001,10
2026081427,ffe709e9-e5da-0bd3-f8db-82e5a3a3ac64,100001,10
2026081427,32e4c085-123c-fc0a-9954-24c17e70a472,100014,10
2026081427,52ae42e0-c2a8-2172-7b94-4b62502f4920,100014,10
2026081427,0479dbe1-1f9b-501a-aebd-f98384bd166e,100014,10
2026081427,ce71fd8d-e61d-b8c1-cf99-31767cc3609c,100014,10
2026081427,482abc9f-87b8-9a9f-2289-5b0835265df5,100014,10
2026081427,149c3cdd-5f4c-07ba-a7c5-851ef169e3e2,100003,10
2026081427,aef5164c-ae1c-4000-75a3-99a1eb795a66,100002,10
2026081427,1694ea10-88a8-9e8b-21cb-255edec74d8d,100003,10
2026081427,fbf1ae4b-7efb-28ac-14e1-ffa45968159f,100003,10
2026081427,aa727bbd-1f9e-af17-7128-a495119e35e1,100014,10
2026081427,0baf9578-2e97-719b-ab03-b4949bae1cc7,100001,10
2026081427,609177dd-bd30-29a2-86cb-0cb5c54ac7ea,100014,10
2026081427,a0d20094-3b98-f1ee-b09a-5d507b49d703,100001,10
2026081427,1f9358dc-16a0-e1b7-47fb-427e1e921726,100002,10
2026081427,80687b4c-10f6-921c-63ad-4b9271b3b930,100014,10
2026081427,0e4aaca0-9259-5bd7-1976-0e7d3f765077,100001,10
2026081427,8ea5fc34-d66f-575b-f71e-4f76ba3981ea,100001,10
2026081427,cae496ee-923c-6a89-6f1a-9ceb9548f987,100001,10
2026081427,c2a6b253-c06b-4dcb-4d04-48a39cb9ff28,100003,10
2026081427,4d16db7d-14f4-f7c8-f7ca-c5fb25a043ac,100014,10
2026081427,4dac1e7b-c8c3-5873-e0c2-138be7537210,100014,10
2026081427,6e9aab1d-37e9-4256-d056-2489144e343d,100014,10
2026081427,b767d0f8-76fb-234e-5329-1be2e8f39a6d,100003,10
2026081427,b68d0763-b33a-fe8d-ead7-717199149aa0,100014,10
2026081427,2fa97c19-1d16-d6c2-0b9b-dd9eb866a563,100002,10
2026081427,2acc701e-5080-9471-49c6-7358875f3dff,100014,10
2026081427,89905656-c4c7-9c18-4648-822d88e78c9c,100001,10
2026081427,fdb98508-d845-7376-2d33-ab7ec8ac8d88,100014,10
2026081427,eacb9c00-6f2d-b269-b9f9-15b43f842504,100014,10
2026081427,6203f62f-2357-896e-5d0c-4888d0a5ef28,100003,10
2026081427,19a30fa8-862b-20d3-899b-47a201c52ebb,100014,10
2026081427,70dacc06-b08c-f940-ad61-ba6b26fc480a,100014,10
2026081427,6bf79ef0-82d4-be7e-32d1-4675a45c4796,100014,10
2026081427,a76bbfa1-7451-5b70-2172-39ea9eb566f5,100014,10
2026081427,5cd4678e-2049-8b58-5034-71e6312aa2bf,100014,10
2026081427,a3d53352-698c-8fcf-7622-c05ce5248c45,100001,10
2026081428,4bec52b7-c7ed-5e29-764f-7c277b646e29,100014,10
2026081428,e802c051-50e2-8341-379b-f4f3933711be,100003,10
2026081428,9486e687-02d3-4d2a-5f30-9d94fb72ccec,100002,10
2026081428,d638f322-0172-dcd4-c566-261968500fd0,100001,10
2026081428,02ec95ef-282b-7e96-35a4-c01f2959d37a,100014,10
2026081428,2c77ff04-a62d-afd5-d090-147e15827ccf,100014,10
2026081428,cb284259-89ad-c197-5fa4-ab913952640b,100014,10
2026081428,0da125a0-9066-b81b-eb3a-ed60218c5ade,100014,10
2026081428,81edd0e6-69c1-1b97-1f3f-c22bd63ff144,100002,10
2026081428,a0941bbc-a988-00bf-8a75-8b4e3033ea95,100003,10
2026081428,f93b8899-d079-7bb4-0bce-40c300a6206c,100001,10
2026081428,e70e4299-4c88-0071-8c0f-a76817294ecc,100014,10
2026081428,8aefb5b0-1542-66b6-f914-6ea14922c215,100001,10
2026081428,fa4e0462-dac4-4249-a453-88a2d88eafc4,100014,10
2026081428,4905eb04-50af-42dd-d86d-e5f7878b9dd8,100014,10
2026081428,ccbfbcef-7f90-4c1b-6ecf-92cc8bb89d3a,100014,10
2026081428,b43d9073-9ec0-fa6f-5f05-93dcfb525604,100014,10
2026081428,694561c9-5673-9da1-7d95-2de9c6b1bd66,100003,10
2026081428,1969916c-609a-3522-383d-9c67dd2063e2,100014,10
2026081428,520c008f-df6d-b486-c53b-86eafb48a2a5,100001,10
2026081428,5d9448e3-e849-eca4-18ae-91e9eb2b374e,100014,10
2026081428,a066b0f6-8fde-5121-bf7a-d95eb650c283,100014,10
2026081428,7e354ec3-0005-7d1b-64c6-3287240c4217,100014,10
2026081428,6a8ba30f-094b-615f-6f2a-d13bec987461,100014,10
2026081428,cb3cb339-c0ce-4368-c6e8-7004faa74809,100001,10
2026081428,a387db46-2882-16a3-6b40-550e35e03eb2,100014,10
2026081428,0c574732-4a2c-4b31-bb33-065b1c5a5657,100002,10
2026081428,45c64465-15cb-a2d2-29b4-30d32ddf681c,100003,10
2026081428,cc3cfff0-7196-1997-ca53-2f4a41945130,100003,10
2026081428,ccab7f9c-7e98-9f07-81cb-52a8f8d2948d,100014,10
2026081428,c537ebfe-4d69-dd40-110b-463bd3bc5884,100014,10
2026081428,8c65bb63-00fd-c4ea-4c75-2f811fa90241,100014,10
2026081428,e710f27c-c820-4f3e-89fa-cd96baa445d4,100014,10
2026081428,0b17f4af-b926-af49-1fa8-f02fc6c56b38,100014,10
2026081428,bfaca32c-09c8-99b8-b1e6-3eaf82013f86,100014,10
2026081428,1306c4b0-04c1-a310-01a0-03470b33ceb3,100014,10
2026081428,d838501f-9b5b-4131-64f1-3fcf87bbc8f9,100014,10
2026081428,4e7e6268-19fc-51cc-64b0-a22b6af0faa3,100014,10
2026081428,37a8fe3f-ede2-3287-d784-3397b5c202bf,100002,10
2026081428,7ec06cb0-f3c1-6db8-52cc-f9e7fa7eb059,100003,10
2026081428,b3d70592-a50e-cbca-3895-a2fa127b3d8e,100002,10
2026081428,8ee61da6-2c29-a5a8-0f8d-87d3af742baf,100014,10
2026081428,48f300d0-2394-7110-b5c4-d34df29ae4a2,100014,10
2026081428,5713d86e-a84b-0633-6d17-e750a5293c48,100002,10
2026081428,081b2793-3964-0afd-91b0-b074d9c810e3,100002,10
2026081429,ba574ba1-062b-83f9-e633-6082df07c588,100014,10
2026081429,0eddb856-909a-6b90-fbc2-da55a96ab2c9,100001,10
2026081429,da1a4e36-e8a5-3662-9e9a-3992d1a19f99,100003,10
2026081429,1c71ea17-79f8-8410-ab70-224aa4208824,100014,10
2026081429,2ab856d8-4f0a-366a-76d2-ff7a357643b1,100003,10
2026081429,4b23ed62-ab19-714c-cce5-ca1114f50cda,100014,10
2026081429,7d624ec8-81f3-fe66-19d1-b86194628b80,100001,10
2026081429,14a55b25-cc05-c5ed-e03d-390f2904382e,100014,10
2026081429,569544b2-f200-2242-a4b8-8725a996ec84,100014,10
2026081429,3222926d-b38c-fec9-d98e-80d7938fd65b,100014,10
2026081429,a89fa8f9-e0b4-e371-3998-84c9453c4623,100001,10
2026081429,5f1fe4ae-abf3-dec3-e350-cf1c65bbe22a,100014,10
2026081429,fb2486de-74c0-ddc4-a298-f73c20ecfac8,100001,10
2026081429,c6595dea-2c78-468f-f83e-366219ec5330,100014,10
2026081429,15f02988-d593-bb3f-9e0d-28413b646ea5,100014,10
2026081429,f8bd1d00-e7c8-bca6-3433-4ef58e18650a,100014,10
2026081429,c8f562fa-f06b-0331-bc49-eb3dacb4122d,100002,10
2026081429,25e78549-0207-79a0-8113-2e0d9a88ead1,100014,10
2026081429,63be5ceb-acc6-4991-d46f-562de3ae413a,100003,10
2026081429,bd6e6069-6408-68c5-ef01-434ba0ebaac8,100014,10
2026081429,6e4d540c-85b5-0c3d-014b-4d0a9c96a58e,100014,10
2026081429,4b3f3315-5dcd-36bf-e357-a5051f900e2a,100014,10
2026081429,ee73b4ca-65cc-b000-deed-448c54c083c7,100014,10
2026081429,1eae805f-b4c9-2546-b8b6-34c49030cd22,100014,10
2026081429,0780bb4e-d5cc-8746-4f58-edd440d05690,100001,10
2026081429,5042827a-75be-f529-0b1d-e6db3e67a543,100003,10
2026081429,793ee683-14f2-348d-700c-cc5d04717b79,100003,10
2026081429,d2c339bf-b618-537a-bbcd-a06169cd92e6,100003,10
2026081429,0c5c653a-7a38-906a-eb68-857e9a3bb227,100001,10
2026081429,4c1ac10d-a09c-9a53-e75c-f80cf43c2e56,100014,10
2026081429,13625859-4044-39a3-eb4e-e95cfe15514e,100002,10
2026081429,d2c671d2-4438-0cd2-e9a6-ca504906acbc,100003,10
2026081429,feb73de6-7fcf-f2b6-a50e-0df400d71d03,100002,10
2026081429,5a789be6-f793-f0df-179b-a3860a90e4fe,100014,10
2026081429,809452f0-4b89-881e-1ca6-733608e6f506,100003,10
2026081429,8d04721f-2adf-94b0-281e-1d52528d40a3,100003,10
2026081429,b6e04a49-086d-7647-7a6b-5f7c3bd31a30,100002,10
2026081429,698ce6a0-e529-5662-f109-027e2f641b53,100002,10
2026081429,fda2e0b2-853d-221d-edd4-1fef50b33478,100014,10
2026081429,cdf1f84c-26fc-7fe3-08cd-490ca9b75d03,100014,10
2026081430,682ebe35-4558-752c-5e46-ad34d1c12ea4,100003,10
2026081430,786fb6c9-d4d9-0bde-6a7a-c3209087e14b,100014,10
2026081430,e00c0252-f976-56cd-eb07-cb16cf2fef0e,100014,10
2026081430,d4bea363-d155-02bc-a4a3-5928280347ac,100014,10
2026081430,d7d07ba3-ee4d-7777-4a12-f75f0bf298ea,100014,10
2026081430,e9f3f2a0-eced-819f-f5eb-636bfcedaa15,100014,10
2026081430,85ce2319-b2d8-de9b-a177-365c69c5858c,100003,10
2026081430,b62d9354-08dc-cf45-4bd3-47a7d59417f9,100014,10
2026081430,d5b4e8b5-52f5-6836-a2fb-40a87db7b9ea,100014,10
2026081430,7ab5912f-1661-d8f0-451c-8224f0b3a563,100014,10
2026081430,dc3f01b3-d0c4-c4ac-a6a5-65840ec04126,100014,10
2026081430,d7468d06-6f17-dc63-2191-616587d8edb4,100014,10
2026081430,9e56ce7c-7550-0083-962d-edf4b4a98935,100014,10
2026081430,7112477b-ae95-8158-5eda-dfad06d3ff7a,100002,10
2026081430,8531617f-9b7a-2536-fa53-34da3ccaae22,100002,10
2026081430,c2b113c9-e3c3-bdfb-29fd-9c8d4bd2edd6,100014,10
2026081430,870b19e2-1c3b-c7a5-af76-f7d4b73d9627,100014,10
2026081430,2b11d256-bd42-ac20-c9cb-14e1607de098,100014,10
2026081430,84bef8dd-74a7-77cb-e5fd-0c6d635ade36,100014,10
2026081430,ac30af99-88c5-d08b-60f9-961cbf09d135,100002,10
2026081430,505e7add-87dd-611a-400d-1d18ecf4749e,100014,10
2026081430,de04007c-5399-c86f-6492-ef06296bbf1a,100001,10
2026081430,1778e145-b467-8321-4cbd-7460d5710336,100003,10
2026081430,cb80d1c5-4fbc-c1b3-2d85-69836a2a717e,100014,10
2026081430,c653470c-8816-5d10-2555-051aeb54cf41,100014,10
2026081430,a7a48278-127b-50f8-c77f-f373d28107a5,100014,10
2026081430,0e4584ca-5009-d3e3-f866-9e69f751c9dc,100014,10
2026081430,57fa7147-3b1f-6bab-f024-28c0d0455526,100002,10
2026081430,7844a838-8c06-4d7f-4f5e-c1b5b292b1fe,100003,10
2026081430,391787fe-dbb5-b097-6a92-5918880d9266,100001,10
2026081430,ed309b4a-ee57-0a62-7961-4e1bcc883383,100014,10
2026081430,0f3595a0-1319-4a7f-f582-09c688e222ad,100002,10
2026081430,474329a7-d6b8-5ef3-f196-1d7b31d5394d,100014,10
2026081430,c5874d2d-33df-1f0f-f096-6b01874dc163,100014,10
